design	trim	run_tag	run_dir	model	stratum	pearson	ci95_lo	ci95_hi	n_total	ceiling_R	ceiling_overall	pearson_over_ceiling_R	pearson_over_ceiling_overall
3p3p	171.0	out_plan8_trim171	/mount/ictr1/chenglab/xpan/unireg/unireg2/plan8_clean_minimal_runpack_v1/out_gse142696_plan8/3p3p/out_plan8_trim171	cnn_msres_wt_mt_delta3head_ens	overall	0.5455654832223387	0.4459279957873997	0.608918829208896	1215	0.4689164039481011	0.558228953755672		0.9773149163114244
3p3p	171.0	out_plan8_trim171	/mount/ictr1/chenglab/xpan/unireg/unireg2/plan8_clean_minimal_runpack_v1/out_gse142696_plan8/3p3p/out_plan8_trim171	cnn_msres_wt_mt_delta3head_ens	non_control	0.2691109105719432	0.2042644710124155	0.3343539869892525	1112	0.4689164039481011	0.558228953755672		
3p3p	171.0	out_plan8_trim171	/mount/ictr1/chenglab/xpan/unireg/unireg2/plan8_clean_minimal_runpack_v1/out_gse142696_plan8/3p3p/out_plan8_trim171	cnn_msres_wt_mt_delta3head_ens	R	0.2398534762484603	0.1616245790245473	0.3126487138657498	837	0.4689164039481011	0.558228953755672	0.5115058339375282	
3p3p	171.0	out_plan8_trim171	/mount/ictr1/chenglab/xpan/unireg/unireg2/plan8_clean_minimal_runpack_v1/out_gse142696_plan8/3p3p/out_plan8_trim171	cnn_msres_wt_mt_delta3head_ens	A	0.3679904678997192	0.2567338820953352	0.4769510465779651	275	0.4689164039481011	0.558228953755672		
3p3p	171.0	out_plan8_trim171	/mount/ictr1/chenglab/xpan/unireg/unireg2/plan8_clean_minimal_runpack_v1/out_gse142696_plan8/3p3p/out_plan8_trim171	cnn_msres_wt_mt_delta3head_ens	C	0.716031121814733	0.6301971715932528	0.7943462442328866	103	0.4689164039481011	0.558228953755672		
3p3p	171.0	out_plan8_trim171	/mount/ictr1/chenglab/xpan/unireg/unireg2/plan8_clean_minimal_runpack_v1/out_gse142696_plan8/3p3p/out_plan8_trim171	nt_transformer_delta_ens	overall	0.47237900383991	0.4047081164221538	0.5228026658725209	1215	0.4689164039481011	0.558228953755672		0.8462101448909488
3p3p	171.0	out_plan8_trim171	/mount/ictr1/chenglab/xpan/unireg/unireg2/plan8_clean_minimal_runpack_v1/out_gse142696_plan8/3p3p/out_plan8_trim171	nt_transformer_delta_ens	non_control	0.303757947866021	0.2516723291680228	0.3518863899117926	1112	0.4689164039481011	0.558228953755672		
3p3p	171.0	out_plan8_trim171	/mount/ictr1/chenglab/xpan/unireg/unireg2/plan8_clean_minimal_runpack_v1/out_gse142696_plan8/3p3p/out_plan8_trim171	nt_transformer_delta_ens	R	0.2673048092733899	0.2067601210680525	0.3251796530146258	837	0.4689164039481011	0.558228953755672	0.5700478955796453	
3p3p	171.0	out_plan8_trim171	/mount/ictr1/chenglab/xpan/unireg/unireg2/plan8_clean_minimal_runpack_v1/out_gse142696_plan8/3p3p/out_plan8_trim171	nt_transformer_delta_ens	A	0.4161476005005305	0.3110795627936824	0.5122256609995748	275	0.4689164039481011	0.558228953755672		
3p3p	171.0	out_plan8_trim171	/mount/ictr1/chenglab/xpan/unireg/unireg2/plan8_clean_minimal_runpack_v1/out_gse142696_plan8/3p3p/out_plan8_trim171	nt_transformer_delta_ens	C	0.526588886026146	0.4151417950681781	0.6358807947522596	103	0.4689164039481011	0.558228953755672		
3p3p	171.0	out_plan8_trim171	/mount/ictr1/chenglab/xpan/unireg/unireg2/plan8_clean_minimal_runpack_v1/out_gse142696_plan8/3p3p/out_plan8_trim171	cnn_delta_ens	overall	0.5531533386713184	0.4625560548994165	0.6153799341375722	1215	0.4689164039481011	0.558228953755672		0.9909076463157174
3p3p	171.0	out_plan8_trim171	/mount/ictr1/chenglab/xpan/unireg/unireg2/plan8_clean_minimal_runpack_v1/out_gse142696_plan8/3p3p/out_plan8_trim171	cnn_delta_ens	non_control	0.2870157697523124	0.2288297771670724	0.342288699559255	1112	0.4689164039481011	0.558228953755672		
3p3p	171.0	out_plan8_trim171	/mount/ictr1/chenglab/xpan/unireg/unireg2/plan8_clean_minimal_runpack_v1/out_gse142696_plan8/3p3p/out_plan8_trim171	cnn_delta_ens	R	0.2510825445867936	0.1796798973172765	0.3187059013259316	837	0.4689164039481011	0.558228953755672	0.5354526787136732	
3p3p	171.0	out_plan8_trim171	/mount/ictr1/chenglab/xpan/unireg/unireg2/plan8_clean_minimal_runpack_v1/out_gse142696_plan8/3p3p/out_plan8_trim171	cnn_delta_ens	A	0.3876761935479597	0.2779118743405966	0.4858512259329815	275	0.4689164039481011	0.558228953755672		
3p3p	171.0	out_plan8_trim171	/mount/ictr1/chenglab/xpan/unireg/unireg2/plan8_clean_minimal_runpack_v1/out_gse142696_plan8/3p3p/out_plan8_trim171	cnn_delta_ens	C	0.6817743941878518	0.5984737799270003	0.7699072253527343	103	0.4689164039481011	0.558228953755672		
3p3p	171.0	out_plan8_trim171	/mount/ictr1/chenglab/xpan/unireg/unireg2/plan8_clean_minimal_runpack_v1/out_gse142696_plan8/3p3p/out_plan8_trim171	kmer_delta_ens	overall	0.5572600042180014	0.4790583814649594	0.616632191550448	1215	0.4689164039481011	0.558228953755672		0.9982642434951612
3p3p	171.0	out_plan8_trim171	/mount/ictr1/chenglab/xpan/unireg/unireg2/plan8_clean_minimal_runpack_v1/out_gse142696_plan8/3p3p/out_plan8_trim171	kmer_delta_ens	non_control	0.3487657973057093	0.2992794191353324	0.4004803579997768	1112	0.4689164039481011	0.558228953755672		
3p3p	171.0	out_plan8_trim171	/mount/ictr1/chenglab/xpan/unireg/unireg2/plan8_clean_minimal_runpack_v1/out_gse142696_plan8/3p3p/out_plan8_trim171	kmer_delta_ens	R	0.3304071436586787	0.271837048746033	0.3873307565158629	837	0.4689164039481011	0.558228953755672	0.7046184370535428	
3p3p	171.0	out_plan8_trim171	/mount/ictr1/chenglab/xpan/unireg/unireg2/plan8_clean_minimal_runpack_v1/out_gse142696_plan8/3p3p/out_plan8_trim171	kmer_delta_ens	A	0.4270707034798901	0.32425118101551	0.5199352245229147	275	0.4689164039481011	0.558228953755672		
3p3p	171.0	out_plan8_trim171	/mount/ictr1/chenglab/xpan/unireg/unireg2/plan8_clean_minimal_runpack_v1/out_gse142696_plan8/3p3p/out_plan8_trim171	kmer_delta_ens	C	0.6311682519266489	0.5406229519483077	0.7236104452183203	103	0.4689164039481011	0.558228953755672		
3p3p	171.0	out_plan8_trim171	/mount/ictr1/chenglab/xpan/unireg/unireg2/plan8_clean_minimal_runpack_v1/out_gse142696_plan8/3p3p/out_plan8_trim171	onehot_ridge_delta_ens	overall	0.2559953752833875	0.2011379275411557	0.308489662974787	1215	0.4689164039481011	0.558228953755672		0.4585849113721045
3p3p	171.0	out_plan8_trim171	/mount/ictr1/chenglab/xpan/unireg/unireg2/plan8_clean_minimal_runpack_v1/out_gse142696_plan8/3p3p/out_plan8_trim171	onehot_ridge_delta_ens	non_control	0.1454517946093939	0.0903849309214599	0.2005458239978397	1112	0.4689164039481011	0.558228953755672		
3p3p	171.0	out_plan8_trim171	/mount/ictr1/chenglab/xpan/unireg/unireg2/plan8_clean_minimal_runpack_v1/out_gse142696_plan8/3p3p/out_plan8_trim171	onehot_ridge_delta_ens	R	0.1185405516410749	0.0551478755128183	0.183439789733665	837	0.4689164039481011	0.558228953755672	0.2527967685562025	
3p3p	171.0	out_plan8_trim171	/mount/ictr1/chenglab/xpan/unireg/unireg2/plan8_clean_minimal_runpack_v1/out_gse142696_plan8/3p3p/out_plan8_trim171	onehot_ridge_delta_ens	A	0.2355251889014627	0.1236776456427966	0.3397667081668441	275	0.4689164039481011	0.558228953755672		
3p3p	171.0	out_plan8_trim171	/mount/ictr1/chenglab/xpan/unireg/unireg2/plan8_clean_minimal_runpack_v1/out_gse142696_plan8/3p3p/out_plan8_trim171	onehot_ridge_delta_ens	C	0.3548804684964619	0.2025927554198848	0.4912032498563874	103	0.4689164039481011	0.558228953755672		
3p3p	171.0	out_plan8_trim171	/mount/ictr1/chenglab/xpan/unireg/unireg2/plan8_clean_minimal_runpack_v1/out_gse142696_plan8/3p3p/out_plan8_trim171	kmer_elasticnet_delta_ens	overall	0.5447530214305567	0.467794848003264	0.6034619240391512	1215	0.4689164039481011	0.558228953755672		0.9758594887734656
3p3p	171.0	out_plan8_trim171	/mount/ictr1/chenglab/xpan/unireg/unireg2/plan8_clean_minimal_runpack_v1/out_gse142696_plan8/3p3p/out_plan8_trim171	kmer_elasticnet_delta_ens	non_control	0.3383119400848019	0.2869627204799068	0.3874743301612208	1112	0.4689164039481011	0.558228953755672		
3p3p	171.0	out_plan8_trim171	/mount/ictr1/chenglab/xpan/unireg/unireg2/plan8_clean_minimal_runpack_v1/out_gse142696_plan8/3p3p/out_plan8_trim171	kmer_elasticnet_delta_ens	R	0.3217207022019636	0.260297034437065	0.3819025349785578	837	0.4689164039481011	0.558228953755672	0.6860939380520608	
3p3p	171.0	out_plan8_trim171	/mount/ictr1/chenglab/xpan/unireg/unireg2/plan8_clean_minimal_runpack_v1/out_gse142696_plan8/3p3p/out_plan8_trim171	kmer_elasticnet_delta_ens	A	0.4107200939598482	0.298785835071241	0.5073779683753847	275	0.4689164039481011	0.558228953755672		
3p3p	171.0	out_plan8_trim171	/mount/ictr1/chenglab/xpan/unireg/unireg2/plan8_clean_minimal_runpack_v1/out_gse142696_plan8/3p3p/out_plan8_trim171	kmer_elasticnet_delta_ens	C	0.6228303292062438	0.5311933020068983	0.7267307762990596	103	0.4689164039481011	0.558228953755672		
3p3p	171.0	out_plan8_trim171	/mount/ictr1/chenglab/xpan/unireg/unireg2/plan8_clean_minimal_runpack_v1/out_gse142696_plan8/3p3p/out_plan8_trim171	kmer_nystroem_ridge_delta_ens	overall	0.2433228821230982	0.1758997820884375	0.3003460072341296	1215	0.4689164039481011	0.558228953755672		0.4358836647330134
3p3p	171.0	out_plan8_trim171	/mount/ictr1/chenglab/xpan/unireg/unireg2/plan8_clean_minimal_runpack_v1/out_gse142696_plan8/3p3p/out_plan8_trim171	kmer_nystroem_ridge_delta_ens	non_control	0.1052425511202806	0.0527693898860895	0.1599803501935931	1112	0.4689164039481011	0.558228953755672		
3p3p	171.0	out_plan8_trim171	/mount/ictr1/chenglab/xpan/unireg/unireg2/plan8_clean_minimal_runpack_v1/out_gse142696_plan8/3p3p/out_plan8_trim171	kmer_nystroem_ridge_delta_ens	R	0.1161263815951035	0.0581353070529862	0.1738713378910307	837	0.4689164039481011	0.558228953755672	0.2476483667821443	
3p3p	171.0	out_plan8_trim171	/mount/ictr1/chenglab/xpan/unireg/unireg2/plan8_clean_minimal_runpack_v1/out_gse142696_plan8/3p3p/out_plan8_trim171	kmer_nystroem_ridge_delta_ens	A	0.0779426264127505	-0.0426980791537146	0.1940511446140254	275	0.4689164039481011	0.558228953755672		
3p3p	171.0	out_plan8_trim171	/mount/ictr1/chenglab/xpan/unireg/unireg2/plan8_clean_minimal_runpack_v1/out_gse142696_plan8/3p3p/out_plan8_trim171	kmer_nystroem_ridge_delta_ens	C	0.5344412836975276	0.3830890114199206	0.6628247722515818	103	0.4689164039481011	0.558228953755672		
3p3p	171.0	out_plan8_trim171	/mount/ictr1/chenglab/xpan/unireg/unireg2/plan8_clean_minimal_runpack_v1/out_gse142696_plan8/3p3p/out_plan8_trim171	cnn3head_kmer_fused_ens	overall	0.5702638799326072	0.4877114624020696	0.6277069894419424	1215	0.4689164039481011	0.558228953755672		1.0215591221056632
3p3p	171.0	out_plan8_trim171	/mount/ictr1/chenglab/xpan/unireg/unireg2/plan8_clean_minimal_runpack_v1/out_gse142696_plan8/3p3p/out_plan8_trim171	cnn3head_kmer_fused_ens	non_control	0.3557886331532783	0.305547112212485	0.4096010690838749	1112	0.4689164039481011	0.558228953755672		
3p3p	171.0	out_plan8_trim171	/mount/ictr1/chenglab/xpan/unireg/unireg2/plan8_clean_minimal_runpack_v1/out_gse142696_plan8/3p3p/out_plan8_trim171	cnn3head_kmer_fused_ens	R	0.3342087316999559	0.2706737375797611	0.3927317917469222	837	0.4689164039481011	0.558228953755672	0.7127256135337624	
3p3p	171.0	out_plan8_trim171	/mount/ictr1/chenglab/xpan/unireg/unireg2/plan8_clean_minimal_runpack_v1/out_gse142696_plan8/3p3p/out_plan8_trim171	cnn3head_kmer_fused_ens	A	0.4334891572725018	0.3338736731593706	0.5241932038232177	275	0.4689164039481011	0.558228953755672		
3p3p	171.0	out_plan8_trim171	/mount/ictr1/chenglab/xpan/unireg/unireg2/plan8_clean_minimal_runpack_v1/out_gse142696_plan8/3p3p/out_plan8_trim171	cnn3head_kmer_fused_ens	C	0.6597565506479707	0.567419028405066	0.7454067343100622	103	0.4689164039481011	0.558228953755672		
3p3p	171.0	out_plan8_trim171	/mount/ictr1/chenglab/xpan/unireg/unireg2/plan8_clean_minimal_runpack_v1/out_gse142696_plan8/3p3p/out_plan8_trim171	gkmsvm_optional	overall	0.4743544159025856	0.3922146784422485	0.538495723912594	1215	0.4689164039481011	0.558228953755672		0.8497488579035672
3p3p	171.0	out_plan8_trim171	/mount/ictr1/chenglab/xpan/unireg/unireg2/plan8_clean_minimal_runpack_v1/out_gse142696_plan8/3p3p/out_plan8_trim171	gkmsvm_optional	non_control	0.2677349361078099	0.2155525844059602	0.3217393387073691	1112	0.4689164039481011	0.558228953755672		
3p3p	171.0	out_plan8_trim171	/mount/ictr1/chenglab/xpan/unireg/unireg2/plan8_clean_minimal_runpack_v1/out_gse142696_plan8/3p3p/out_plan8_trim171	gkmsvm_optional	R	0.2321628493565298	0.1679507301823586	0.2975020101772876	837	0.4689164039481011	0.558228953755672	0.4951049854554144	
3p3p	171.0	out_plan8_trim171	/mount/ictr1/chenglab/xpan/unireg/unireg2/plan8_clean_minimal_runpack_v1/out_gse142696_plan8/3p3p/out_plan8_trim171	gkmsvm_optional	A	0.3742086480400972	0.268613204888549	0.4699000297009177	275	0.4689164039481011	0.558228953755672		
3p3p	171.0	out_plan8_trim171	/mount/ictr1/chenglab/xpan/unireg/unireg2/plan8_clean_minimal_runpack_v1/out_gse142696_plan8/3p3p/out_plan8_trim171	gkmsvm_optional	C	0.5122697228363864	0.3965898985139303	0.6258393504210615	103	0.4689164039481011	0.558228953755672		
3p3p	185.0	out_plan8_trim185	/mount/ictr1/chenglab/xpan/unireg/unireg2/plan8_clean_minimal_runpack_v1/out_gse142696_plan8/3p3p/out_plan8_trim185	cnn_msres_wt_mt_delta3head_ens	overall	0.5315112619955736	0.4287432433156596	0.598847508950847	1215	0.4689164039481011	0.558228953755672		0.9521384701020142
3p3p	185.0	out_plan8_trim185	/mount/ictr1/chenglab/xpan/unireg/unireg2/plan8_clean_minimal_runpack_v1/out_gse142696_plan8/3p3p/out_plan8_trim185	cnn_msres_wt_mt_delta3head_ens	non_control	0.2439941521953537	0.1825609055623376	0.3062232553262992	1112	0.4689164039481011	0.558228953755672		
3p3p	185.0	out_plan8_trim185	/mount/ictr1/chenglab/xpan/unireg/unireg2/plan8_clean_minimal_runpack_v1/out_gse142696_plan8/3p3p/out_plan8_trim185	cnn_msres_wt_mt_delta3head_ens	R	0.1990578411719679	0.1275247812432877	0.2700048284185052	837	0.4689164039481011	0.558228953755672	0.4245060302774123	
3p3p	185.0	out_plan8_trim185	/mount/ictr1/chenglab/xpan/unireg/unireg2/plan8_clean_minimal_runpack_v1/out_gse142696_plan8/3p3p/out_plan8_trim185	cnn_msres_wt_mt_delta3head_ens	A	0.384937742691103	0.2802415627047392	0.4929562123987644	275	0.4689164039481011	0.558228953755672		
3p3p	185.0	out_plan8_trim185	/mount/ictr1/chenglab/xpan/unireg/unireg2/plan8_clean_minimal_runpack_v1/out_gse142696_plan8/3p3p/out_plan8_trim185	cnn_msres_wt_mt_delta3head_ens	C	0.6918323213051919	0.6126905012215904	0.7782948664077258	103	0.4689164039481011	0.558228953755672		
3p3p	185.0	out_plan8_trim185	/mount/ictr1/chenglab/xpan/unireg/unireg2/plan8_clean_minimal_runpack_v1/out_gse142696_plan8/3p3p/out_plan8_trim185	nt_transformer_delta_ens	overall	0.4504320741005824	0.3875457729427964	0.5016876893283269	1215	0.4689164039481011	0.558228953755672		0.80689486109624
3p3p	185.0	out_plan8_trim185	/mount/ictr1/chenglab/xpan/unireg/unireg2/plan8_clean_minimal_runpack_v1/out_gse142696_plan8/3p3p/out_plan8_trim185	nt_transformer_delta_ens	non_control	0.2815422872028063	0.2306169666149908	0.3319038934163507	1112	0.4689164039481011	0.558228953755672		
3p3p	185.0	out_plan8_trim185	/mount/ictr1/chenglab/xpan/unireg/unireg2/plan8_clean_minimal_runpack_v1/out_gse142696_plan8/3p3p/out_plan8_trim185	nt_transformer_delta_ens	R	0.2426745339614037	0.1843386634347241	0.3039604194111207	837	0.4689164039481011	0.558228953755672	0.5175219546984808	
3p3p	185.0	out_plan8_trim185	/mount/ictr1/chenglab/xpan/unireg/unireg2/plan8_clean_minimal_runpack_v1/out_gse142696_plan8/3p3p/out_plan8_trim185	nt_transformer_delta_ens	A	0.3971178633037519	0.2933418623714007	0.4928768317461701	275	0.4689164039481011	0.558228953755672		
3p3p	185.0	out_plan8_trim185	/mount/ictr1/chenglab/xpan/unireg/unireg2/plan8_clean_minimal_runpack_v1/out_gse142696_plan8/3p3p/out_plan8_trim185	nt_transformer_delta_ens	C	0.4736221821618867	0.3334952782710574	0.6063130181486689	103	0.4689164039481011	0.558228953755672		
3p3p	185.0	out_plan8_trim185	/mount/ictr1/chenglab/xpan/unireg/unireg2/plan8_clean_minimal_runpack_v1/out_gse142696_plan8/3p3p/out_plan8_trim185	cnn_delta_ens	overall	0.5363862562369393	0.4476346241994029	0.5960625538876666	1215	0.4689164039481011	0.558228953755672		0.9608714356864172
3p3p	185.0	out_plan8_trim185	/mount/ictr1/chenglab/xpan/unireg/unireg2/plan8_clean_minimal_runpack_v1/out_gse142696_plan8/3p3p/out_plan8_trim185	cnn_delta_ens	non_control	0.2546672354448269	0.1969736616655165	0.3117237094548948	1112	0.4689164039481011	0.558228953755672		
3p3p	185.0	out_plan8_trim185	/mount/ictr1/chenglab/xpan/unireg/unireg2/plan8_clean_minimal_runpack_v1/out_gse142696_plan8/3p3p/out_plan8_trim185	cnn_delta_ens	R	0.220409322571679	0.1566374456823756	0.2865656574414832	837	0.4689164039481011	0.558228953755672	0.470039693036786	
3p3p	185.0	out_plan8_trim185	/mount/ictr1/chenglab/xpan/unireg/unireg2/plan8_clean_minimal_runpack_v1/out_gse142696_plan8/3p3p/out_plan8_trim185	cnn_delta_ens	A	0.3511490322422498	0.2341780022717492	0.4539392416833338	275	0.4689164039481011	0.558228953755672		
3p3p	185.0	out_plan8_trim185	/mount/ictr1/chenglab/xpan/unireg/unireg2/plan8_clean_minimal_runpack_v1/out_gse142696_plan8/3p3p/out_plan8_trim185	cnn_delta_ens	C	0.6717703212003572	0.5882714848768396	0.7569380994165749	103	0.4689164039481011	0.558228953755672		
3p3p	185.0	out_plan8_trim185	/mount/ictr1/chenglab/xpan/unireg/unireg2/plan8_clean_minimal_runpack_v1/out_gse142696_plan8/3p3p/out_plan8_trim185	kmer_delta_ens	overall	0.5573526821959727	0.4783055927521096	0.6188215151642612	1215	0.4689164039481011	0.558228953755672		0.998430264940928
3p3p	185.0	out_plan8_trim185	/mount/ictr1/chenglab/xpan/unireg/unireg2/plan8_clean_minimal_runpack_v1/out_gse142696_plan8/3p3p/out_plan8_trim185	kmer_delta_ens	non_control	0.3488783573550465	0.2985058699006766	0.3991976520344786	1112	0.4689164039481011	0.558228953755672		
3p3p	185.0	out_plan8_trim185	/mount/ictr1/chenglab/xpan/unireg/unireg2/plan8_clean_minimal_runpack_v1/out_gse142696_plan8/3p3p/out_plan8_trim185	kmer_delta_ens	R	0.3310083102019018	0.2739905254246504	0.388611554359055	837	0.4689164039481011	0.558228953755672	0.705900470563485	
3p3p	185.0	out_plan8_trim185	/mount/ictr1/chenglab/xpan/unireg/unireg2/plan8_clean_minimal_runpack_v1/out_gse142696_plan8/3p3p/out_plan8_trim185	kmer_delta_ens	A	0.4230282274018491	0.3177882926204534	0.5181618257470274	275	0.4689164039481011	0.558228953755672		
3p3p	185.0	out_plan8_trim185	/mount/ictr1/chenglab/xpan/unireg/unireg2/plan8_clean_minimal_runpack_v1/out_gse142696_plan8/3p3p/out_plan8_trim185	kmer_delta_ens	C	0.6302361833324446	0.5382118608125032	0.7256162659270851	103	0.4689164039481011	0.558228953755672		
3p3p	185.0	out_plan8_trim185	/mount/ictr1/chenglab/xpan/unireg/unireg2/plan8_clean_minimal_runpack_v1/out_gse142696_plan8/3p3p/out_plan8_trim185	onehot_ridge_delta_ens	overall	0.2559953936231829	0.2014779381049875	0.3031988011512408	1215	0.4689164039481011	0.558228953755672		0.4585849442256412
3p3p	185.0	out_plan8_trim185	/mount/ictr1/chenglab/xpan/unireg/unireg2/plan8_clean_minimal_runpack_v1/out_gse142696_plan8/3p3p/out_plan8_trim185	onehot_ridge_delta_ens	non_control	0.1454517989561895	0.0911313145663133	0.197798012300927	1112	0.4689164039481011	0.558228953755672		
3p3p	185.0	out_plan8_trim185	/mount/ictr1/chenglab/xpan/unireg/unireg2/plan8_clean_minimal_runpack_v1/out_gse142696_plan8/3p3p/out_plan8_trim185	onehot_ridge_delta_ens	R	0.1185405487720267	0.053604334237374	0.1803434666387482	837	0.4689164039481011	0.558228953755672	0.2527967624377384	
3p3p	185.0	out_plan8_trim185	/mount/ictr1/chenglab/xpan/unireg/unireg2/plan8_clean_minimal_runpack_v1/out_gse142696_plan8/3p3p/out_plan8_trim185	onehot_ridge_delta_ens	A	0.2355252215981116	0.1250412987939598	0.3361054506504259	275	0.4689164039481011	0.558228953755672		
3p3p	185.0	out_plan8_trim185	/mount/ictr1/chenglab/xpan/unireg/unireg2/plan8_clean_minimal_runpack_v1/out_gse142696_plan8/3p3p/out_plan8_trim185	onehot_ridge_delta_ens	C	0.3548804967090463	0.2164685076992201	0.4849733649023678	103	0.4689164039481011	0.558228953755672		
3p3p	185.0	out_plan8_trim185	/mount/ictr1/chenglab/xpan/unireg/unireg2/plan8_clean_minimal_runpack_v1/out_gse142696_plan8/3p3p/out_plan8_trim185	kmer_elasticnet_delta_ens	overall	0.5460763268757532	0.4690810679175813	0.6067613799000009	1215	0.4689164039481011	0.558228953755672		0.9782300312476486
3p3p	185.0	out_plan8_trim185	/mount/ictr1/chenglab/xpan/unireg/unireg2/plan8_clean_minimal_runpack_v1/out_gse142696_plan8/3p3p/out_plan8_trim185	kmer_elasticnet_delta_ens	non_control	0.3394554773155881	0.2891680050557484	0.3876526887041486	1112	0.4689164039481011	0.558228953755672		
3p3p	185.0	out_plan8_trim185	/mount/ictr1/chenglab/xpan/unireg/unireg2/plan8_clean_minimal_runpack_v1/out_gse142696_plan8/3p3p/out_plan8_trim185	kmer_elasticnet_delta_ens	R	0.323542449425963	0.2652398305264284	0.380126460970829	837	0.4689164039481011	0.558228953755672	0.689978952968709	
3p3p	185.0	out_plan8_trim185	/mount/ictr1/chenglab/xpan/unireg/unireg2/plan8_clean_minimal_runpack_v1/out_gse142696_plan8/3p3p/out_plan8_trim185	kmer_elasticnet_delta_ens	A	0.4069824145428561	0.3040172554580709	0.5004821461244474	275	0.4689164039481011	0.558228953755672		
3p3p	185.0	out_plan8_trim185	/mount/ictr1/chenglab/xpan/unireg/unireg2/plan8_clean_minimal_runpack_v1/out_gse142696_plan8/3p3p/out_plan8_trim185	kmer_elasticnet_delta_ens	C	0.6218316101826633	0.5218277908711519	0.7194895266212376	103	0.4689164039481011	0.558228953755672		
3p3p	185.0	out_plan8_trim185	/mount/ictr1/chenglab/xpan/unireg/unireg2/plan8_clean_minimal_runpack_v1/out_gse142696_plan8/3p3p/out_plan8_trim185	kmer_nystroem_ridge_delta_ens	overall	0.27856748932664	0.2108153489543711	0.3361731577663811	1215	0.4689164039481011	0.558228953755672		0.4990201376200285
3p3p	185.0	out_plan8_trim185	/mount/ictr1/chenglab/xpan/unireg/unireg2/plan8_clean_minimal_runpack_v1/out_gse142696_plan8/3p3p/out_plan8_trim185	kmer_nystroem_ridge_delta_ens	non_control	0.11960375102792	0.0670590316489292	0.1740432830349593	1112	0.4689164039481011	0.558228953755672		
3p3p	185.0	out_plan8_trim185	/mount/ictr1/chenglab/xpan/unireg/unireg2/plan8_clean_minimal_runpack_v1/out_gse142696_plan8/3p3p/out_plan8_trim185	kmer_nystroem_ridge_delta_ens	R	0.1315523617694615	0.0717782957131717	0.1928119680705831	837	0.4689164039481011	0.558228953755672	0.2805454461858014	
3p3p	185.0	out_plan8_trim185	/mount/ictr1/chenglab/xpan/unireg/unireg2/plan8_clean_minimal_runpack_v1/out_gse142696_plan8/3p3p/out_plan8_trim185	kmer_nystroem_ridge_delta_ens	A	0.0796957550604605	-0.0389157997130625	0.1951380159532792	275	0.4689164039481011	0.558228953755672		
3p3p	185.0	out_plan8_trim185	/mount/ictr1/chenglab/xpan/unireg/unireg2/plan8_clean_minimal_runpack_v1/out_gse142696_plan8/3p3p/out_plan8_trim185	kmer_nystroem_ridge_delta_ens	C	0.5583818458888763	0.4248672829841055	0.6856145125055113	103	0.4689164039481011	0.558228953755672		
3p3p	185.0	out_plan8_trim185	/mount/ictr1/chenglab/xpan/unireg/unireg2/plan8_clean_minimal_runpack_v1/out_gse142696_plan8/3p3p/out_plan8_trim185	cnn3head_kmer_fused_ens	overall	0.5729435542564885	0.4902087771612832	0.6305461632251902	1215	0.4689164039481011	0.558228953755672		1.0263594362166617
3p3p	185.0	out_plan8_trim185	/mount/ictr1/chenglab/xpan/unireg/unireg2/plan8_clean_minimal_runpack_v1/out_gse142696_plan8/3p3p/out_plan8_trim185	cnn3head_kmer_fused_ens	non_control	0.3586158147943665	0.3091061672872584	0.4089071623170011	1112	0.4689164039481011	0.558228953755672		
3p3p	185.0	out_plan8_trim185	/mount/ictr1/chenglab/xpan/unireg/unireg2/plan8_clean_minimal_runpack_v1/out_gse142696_plan8/3p3p/out_plan8_trim185	cnn3head_kmer_fused_ens	R	0.3337583583615874	0.2742690432940973	0.392534274651782	837	0.4689164039481011	0.558228953755672	0.7117651580355616	
3p3p	185.0	out_plan8_trim185	/mount/ictr1/chenglab/xpan/unireg/unireg2/plan8_clean_minimal_runpack_v1/out_gse142696_plan8/3p3p/out_plan8_trim185	cnn3head_kmer_fused_ens	A	0.4476136309440089	0.3475939255779463	0.5327149683943248	275	0.4689164039481011	0.558228953755672		
3p3p	185.0	out_plan8_trim185	/mount/ictr1/chenglab/xpan/unireg/unireg2/plan8_clean_minimal_runpack_v1/out_gse142696_plan8/3p3p/out_plan8_trim185	cnn3head_kmer_fused_ens	C	0.6679821158999243	0.5807772594299765	0.7553270835368557	103	0.4689164039481011	0.558228953755672		
3p3p	185.0	out_plan8_trim185	/mount/ictr1/chenglab/xpan/unireg/unireg2/plan8_clean_minimal_runpack_v1/out_gse142696_plan8/3p3p/out_plan8_trim185	gkmsvm_optional	overall	0.476114017197926	0.396471899621949	0.5378334514953209	1215	0.4689164039481011	0.558228953755672		0.8529009718946136
3p3p	185.0	out_plan8_trim185	/mount/ictr1/chenglab/xpan/unireg/unireg2/plan8_clean_minimal_runpack_v1/out_gse142696_plan8/3p3p/out_plan8_trim185	gkmsvm_optional	non_control	0.2770095354769716	0.223263680506564	0.3327072198851794	1112	0.4689164039481011	0.558228953755672		
3p3p	185.0	out_plan8_trim185	/mount/ictr1/chenglab/xpan/unireg/unireg2/plan8_clean_minimal_runpack_v1/out_gse142696_plan8/3p3p/out_plan8_trim185	gkmsvm_optional	R	0.2422816769613414	0.1814534999799479	0.3065815537065078	837	0.4689164039481011	0.558228953755672	0.5166841571790198	
3p3p	185.0	out_plan8_trim185	/mount/ictr1/chenglab/xpan/unireg/unireg2/plan8_clean_minimal_runpack_v1/out_gse142696_plan8/3p3p/out_plan8_trim185	gkmsvm_optional	A	0.3831850153221066	0.260995880441441	0.4855706732666422	275	0.4689164039481011	0.558228953755672		
3p3p	185.0	out_plan8_trim185	/mount/ictr1/chenglab/xpan/unireg/unireg2/plan8_clean_minimal_runpack_v1/out_gse142696_plan8/3p3p/out_plan8_trim185	gkmsvm_optional	C	0.513245214840514	0.401547445160189	0.6254689879139645	103	0.4689164039481011	0.558228953755672		
5p3p	171.0	out_plan8_trim171	/mount/ictr1/chenglab/xpan/unireg/unireg2/plan8_clean_minimal_runpack_v1/out_gse142696_plan8/5p3p/out_plan8_trim171	cnn_msres_wt_mt_delta3head_ens	overall	0.4417309196227024	0.3670305524110086	0.5184405806901865	1215	0.7648646852390932	0.7634280945818487		0.5786149642091061
5p3p	171.0	out_plan8_trim171	/mount/ictr1/chenglab/xpan/unireg/unireg2/plan8_clean_minimal_runpack_v1/out_gse142696_plan8/5p3p/out_plan8_trim171	cnn_msres_wt_mt_delta3head_ens	non_control	0.181371865586013	0.1267707420124189	0.2446365421068276	1112	0.7648646852390932	0.7634280945818487		
5p3p	171.0	out_plan8_trim171	/mount/ictr1/chenglab/xpan/unireg/unireg2/plan8_clean_minimal_runpack_v1/out_gse142696_plan8/5p3p/out_plan8_trim171	cnn_msres_wt_mt_delta3head_ens	R	0.1929941906657357	0.1319237051806524	0.2734010497985552	837	0.7648646852390932	0.7634280945818487	0.2523246194918864	
5p3p	171.0	out_plan8_trim171	/mount/ictr1/chenglab/xpan/unireg/unireg2/plan8_clean_minimal_runpack_v1/out_gse142696_plan8/5p3p/out_plan8_trim171	cnn_msres_wt_mt_delta3head_ens	A	0.1478860279556607	0.0239565490734352	0.263703119333963	275	0.7648646852390932	0.7634280945818487		
5p3p	171.0	out_plan8_trim171	/mount/ictr1/chenglab/xpan/unireg/unireg2/plan8_clean_minimal_runpack_v1/out_gse142696_plan8/5p3p/out_plan8_trim171	cnn_msres_wt_mt_delta3head_ens	C	0.7671292470062003	0.7275596232834622	0.877629201402961	103	0.7648646852390932	0.7634280945818487		
5p3p	171.0	out_plan8_trim171	/mount/ictr1/chenglab/xpan/unireg/unireg2/plan8_clean_minimal_runpack_v1/out_gse142696_plan8/5p3p/out_plan8_trim171	nt_transformer_delta_ens	overall	0.3038901352395254	0.2461307083156955	0.3743038721334633	1215	0.7648646852390932	0.7634280945818487		0.3980599317686555
5p3p	171.0	out_plan8_trim171	/mount/ictr1/chenglab/xpan/unireg/unireg2/plan8_clean_minimal_runpack_v1/out_gse142696_plan8/5p3p/out_plan8_trim171	nt_transformer_delta_ens	non_control	0.1573332284453301	0.1071431454176804	0.2180030436359029	1112	0.7648646852390932	0.7634280945818487		
5p3p	171.0	out_plan8_trim171	/mount/ictr1/chenglab/xpan/unireg/unireg2/plan8_clean_minimal_runpack_v1/out_gse142696_plan8/5p3p/out_plan8_trim171	nt_transformer_delta_ens	R	0.1490543425068021	0.0920342478299082	0.2177266598067205	837	0.7648646852390932	0.7634280945818487	0.1948767479834794	
5p3p	171.0	out_plan8_trim171	/mount/ictr1/chenglab/xpan/unireg/unireg2/plan8_clean_minimal_runpack_v1/out_gse142696_plan8/5p3p/out_plan8_trim171	nt_transformer_delta_ens	A	0.2016195746658841	0.0874140270903823	0.3002247409118492	275	0.7648646852390932	0.7634280945818487		
5p3p	171.0	out_plan8_trim171	/mount/ictr1/chenglab/xpan/unireg/unireg2/plan8_clean_minimal_runpack_v1/out_gse142696_plan8/5p3p/out_plan8_trim171	nt_transformer_delta_ens	C	0.6225638952636514	0.5517766523819388	0.7576181580377831	103	0.7648646852390932	0.7634280945818487		
5p3p	171.0	out_plan8_trim171	/mount/ictr1/chenglab/xpan/unireg/unireg2/plan8_clean_minimal_runpack_v1/out_gse142696_plan8/5p3p/out_plan8_trim171	cnn_delta_ens	overall	0.4878728336130278	0.4396582186179101	0.5595582762022907	1215	0.7648646852390932	0.7634280945818487		0.639055383310526
5p3p	171.0	out_plan8_trim171	/mount/ictr1/chenglab/xpan/unireg/unireg2/plan8_clean_minimal_runpack_v1/out_gse142696_plan8/5p3p/out_plan8_trim171	cnn_delta_ens	non_control	0.3306699638769056	0.2839563234566206	0.389675487390974	1112	0.7648646852390932	0.7634280945818487		
5p3p	171.0	out_plan8_trim171	/mount/ictr1/chenglab/xpan/unireg/unireg2/plan8_clean_minimal_runpack_v1/out_gse142696_plan8/5p3p/out_plan8_trim171	cnn_delta_ens	R	0.3361569972540449	0.2898141200133987	0.4019526710880439	837	0.7648646852390932	0.7634280945818487	0.4394986508613138	
5p3p	171.0	out_plan8_trim171	/mount/ictr1/chenglab/xpan/unireg/unireg2/plan8_clean_minimal_runpack_v1/out_gse142696_plan8/5p3p/out_plan8_trim171	cnn_delta_ens	A	0.3042759012698085	0.178573125797837	0.4071544684028995	275	0.7648646852390932	0.7634280945818487		
5p3p	171.0	out_plan8_trim171	/mount/ictr1/chenglab/xpan/unireg/unireg2/plan8_clean_minimal_runpack_v1/out_gse142696_plan8/5p3p/out_plan8_trim171	cnn_delta_ens	C	0.7556227861558973	0.7089984497817408	0.8867846698749678	103	0.7648646852390932	0.7634280945818487		
5p3p	171.0	out_plan8_trim171	/mount/ictr1/chenglab/xpan/unireg/unireg2/plan8_clean_minimal_runpack_v1/out_gse142696_plan8/5p3p/out_plan8_trim171	kmer_delta_ens	overall	0.391933861546003	0.3303963082769281	0.4544029779801328	1215	0.7648646852390932	0.7634280945818487		0.5133867411058226
5p3p	171.0	out_plan8_trim171	/mount/ictr1/chenglab/xpan/unireg/unireg2/plan8_clean_minimal_runpack_v1/out_gse142696_plan8/5p3p/out_plan8_trim171	kmer_delta_ens	non_control	0.1708887520466175	0.1150528841941359	0.2213467435917422	1112	0.7648646852390932	0.7634280945818487		
5p3p	171.0	out_plan8_trim171	/mount/ictr1/chenglab/xpan/unireg/unireg2/plan8_clean_minimal_runpack_v1/out_gse142696_plan8/5p3p/out_plan8_trim171	kmer_delta_ens	R	0.1902638892211341	0.1250178307121522	0.2491237639235634	837	0.7648646852390932	0.7634280945818487	0.248754966588186	
5p3p	171.0	out_plan8_trim171	/mount/ictr1/chenglab/xpan/unireg/unireg2/plan8_clean_minimal_runpack_v1/out_gse142696_plan8/5p3p/out_plan8_trim171	kmer_delta_ens	A	0.0995771749693001	-0.0060124694005681	0.2150749092010724	275	0.7648646852390932	0.7634280945818487		
5p3p	171.0	out_plan8_trim171	/mount/ictr1/chenglab/xpan/unireg/unireg2/plan8_clean_minimal_runpack_v1/out_gse142696_plan8/5p3p/out_plan8_trim171	kmer_delta_ens	C	0.7113348751497002	0.6595469584455863	0.8455590110961126	103	0.7648646852390932	0.7634280945818487		
5p3p	171.0	out_plan8_trim171	/mount/ictr1/chenglab/xpan/unireg/unireg2/plan8_clean_minimal_runpack_v1/out_gse142696_plan8/5p3p/out_plan8_trim171	onehot_ridge_delta_ens	overall	0.0958990583431387	0.0478989468174458	0.145336128409748	1215	0.7648646852390932	0.7634280945818487		0.1256163599738431
5p3p	171.0	out_plan8_trim171	/mount/ictr1/chenglab/xpan/unireg/unireg2/plan8_clean_minimal_runpack_v1/out_gse142696_plan8/5p3p/out_plan8_trim171	onehot_ridge_delta_ens	non_control	0.038017324150202	-0.012584547618955	0.0941060061109639	1112	0.7648646852390932	0.7634280945818487		
5p3p	171.0	out_plan8_trim171	/mount/ictr1/chenglab/xpan/unireg/unireg2/plan8_clean_minimal_runpack_v1/out_gse142696_plan8/5p3p/out_plan8_trim171	onehot_ridge_delta_ens	R	0.0375471060974999	-0.0273168483086569	0.1019310367351883	837	0.7648646852390932	0.7634280945818487	0.0490898675571128	
5p3p	171.0	out_plan8_trim171	/mount/ictr1/chenglab/xpan/unireg/unireg2/plan8_clean_minimal_runpack_v1/out_gse142696_plan8/5p3p/out_plan8_trim171	onehot_ridge_delta_ens	A	0.0689264955632436	-0.0549871366097907	0.1803839073852606	275	0.7648646852390932	0.7634280945818487		
5p3p	171.0	out_plan8_trim171	/mount/ictr1/chenglab/xpan/unireg/unireg2/plan8_clean_minimal_runpack_v1/out_gse142696_plan8/5p3p/out_plan8_trim171	onehot_ridge_delta_ens	C	0.4344597348511476	0.3166908161061803	0.5923475059832537	103	0.7648646852390932	0.7634280945818487		
5p3p	171.0	out_plan8_trim171	/mount/ictr1/chenglab/xpan/unireg/unireg2/plan8_clean_minimal_runpack_v1/out_gse142696_plan8/5p3p/out_plan8_trim171	kmer_elasticnet_delta_ens	overall	0.373172624360765	0.3138968408378261	0.4402409056178065	1215	0.7648646852390932	0.7634280945818487		0.4888117518980779
5p3p	171.0	out_plan8_trim171	/mount/ictr1/chenglab/xpan/unireg/unireg2/plan8_clean_minimal_runpack_v1/out_gse142696_plan8/5p3p/out_plan8_trim171	kmer_elasticnet_delta_ens	non_control	0.1608410026210236	0.1025945600095113	0.2136086554338198	1112	0.7648646852390932	0.7634280945818487		
5p3p	171.0	out_plan8_trim171	/mount/ictr1/chenglab/xpan/unireg/unireg2/plan8_clean_minimal_runpack_v1/out_gse142696_plan8/5p3p/out_plan8_trim171	kmer_elasticnet_delta_ens	R	0.1841715260379458	0.1208887628166013	0.239553350950225	837	0.7648646852390932	0.7634280945818487	0.2407896842307141	
5p3p	171.0	out_plan8_trim171	/mount/ictr1/chenglab/xpan/unireg/unireg2/plan8_clean_minimal_runpack_v1/out_gse142696_plan8/5p3p/out_plan8_trim171	kmer_elasticnet_delta_ens	A	0.0771809752005839	-0.039673734157017	0.1903546907162266	275	0.7648646852390932	0.7634280945818487		
5p3p	171.0	out_plan8_trim171	/mount/ictr1/chenglab/xpan/unireg/unireg2/plan8_clean_minimal_runpack_v1/out_gse142696_plan8/5p3p/out_plan8_trim171	kmer_elasticnet_delta_ens	C	0.7056682787507943	0.653078578833562	0.8385747728005929	103	0.7648646852390932	0.7634280945818487		
5p3p	171.0	out_plan8_trim171	/mount/ictr1/chenglab/xpan/unireg/unireg2/plan8_clean_minimal_runpack_v1/out_gse142696_plan8/5p3p/out_plan8_trim171	kmer_nystroem_ridge_delta_ens	overall	0.1080656982459108	0.0542269063241382	0.1660962792207931	1215	0.7648646852390932	0.7634280945818487		0.1415532111182015
5p3p	171.0	out_plan8_trim171	/mount/ictr1/chenglab/xpan/unireg/unireg2/plan8_clean_minimal_runpack_v1/out_gse142696_plan8/5p3p/out_plan8_trim171	kmer_nystroem_ridge_delta_ens	non_control	0.0110871236459901	-0.0433556024533531	0.0702726764797542	1112	0.7648646852390932	0.7634280945818487		
5p3p	171.0	out_plan8_trim171	/mount/ictr1/chenglab/xpan/unireg/unireg2/plan8_clean_minimal_runpack_v1/out_gse142696_plan8/5p3p/out_plan8_trim171	kmer_nystroem_ridge_delta_ens	R	0.0380450722660271	-0.0199332438758389	0.105451157232416	837	0.7648646852390932	0.7634280945818487	0.0497409188844094	
5p3p	171.0	out_plan8_trim171	/mount/ictr1/chenglab/xpan/unireg/unireg2/plan8_clean_minimal_runpack_v1/out_gse142696_plan8/5p3p/out_plan8_trim171	kmer_nystroem_ridge_delta_ens	A	-0.0899636673285028	-0.1987407383509841	0.0199344100999002	275	0.7648646852390932	0.7634280945818487		
5p3p	171.0	out_plan8_trim171	/mount/ictr1/chenglab/xpan/unireg/unireg2/plan8_clean_minimal_runpack_v1/out_gse142696_plan8/5p3p/out_plan8_trim171	kmer_nystroem_ridge_delta_ens	C	0.5625363707563047	0.478575973439704	0.7160177146471534	103	0.7648646852390932	0.7634280945818487		
5p3p	171.0	out_plan8_trim171	/mount/ictr1/chenglab/xpan/unireg/unireg2/plan8_clean_minimal_runpack_v1/out_gse142696_plan8/5p3p/out_plan8_trim171	cnn3head_kmer_fused_ens	overall	0.4791417812544395	0.4271223645870969	0.5486433292837484	1215	0.7648646852390932	0.7634280945818487		0.6276187432123246
5p3p	171.0	out_plan8_trim171	/mount/ictr1/chenglab/xpan/unireg/unireg2/plan8_clean_minimal_runpack_v1/out_gse142696_plan8/5p3p/out_plan8_trim171	cnn3head_kmer_fused_ens	non_control	0.3182552353290925	0.2710025456161904	0.3735769160254722	1112	0.7648646852390932	0.7634280945818487		
5p3p	171.0	out_plan8_trim171	/mount/ictr1/chenglab/xpan/unireg/unireg2/plan8_clean_minimal_runpack_v1/out_gse142696_plan8/5p3p/out_plan8_trim171	cnn3head_kmer_fused_ens	R	0.3258945615371199	0.2718902296682102	0.3873212878485404	837	0.7648646852390932	0.7634280945818487	0.4260813289284584	
5p3p	171.0	out_plan8_trim171	/mount/ictr1/chenglab/xpan/unireg/unireg2/plan8_clean_minimal_runpack_v1/out_gse142696_plan8/5p3p/out_plan8_trim171	cnn3head_kmer_fused_ens	A	0.2961362805201027	0.1834879063888105	0.3971083200929186	275	0.7648646852390932	0.7634280945818487		
5p3p	171.0	out_plan8_trim171	/mount/ictr1/chenglab/xpan/unireg/unireg2/plan8_clean_minimal_runpack_v1/out_gse142696_plan8/5p3p/out_plan8_trim171	cnn3head_kmer_fused_ens	C	0.7580070554831849	0.716424198325629	0.8793799110293602	103	0.7648646852390932	0.7634280945818487		
5p3p	171.0	out_plan8_trim171	/mount/ictr1/chenglab/xpan/unireg/unireg2/plan8_clean_minimal_runpack_v1/out_gse142696_plan8/5p3p/out_plan8_trim171	gkmsvm_optional	overall	0.4206968865859964	0.3688799044574204	0.4897497427962767	1215	0.7648646852390932	0.7634280945818487		0.5510628827675305
5p3p	171.0	out_plan8_trim171	/mount/ictr1/chenglab/xpan/unireg/unireg2/plan8_clean_minimal_runpack_v1/out_gse142696_plan8/5p3p/out_plan8_trim171	gkmsvm_optional	non_control	0.255316665515089	0.2044148473926884	0.3106856618880039	1112	0.7648646852390932	0.7634280945818487		
5p3p	171.0	out_plan8_trim171	/mount/ictr1/chenglab/xpan/unireg/unireg2/plan8_clean_minimal_runpack_v1/out_gse142696_plan8/5p3p/out_plan8_trim171	gkmsvm_optional	R	0.2724772835878281	0.219180504763409	0.3338258614986381	837	0.7648646852390932	0.7634280945818487	0.3562424685650808	
5p3p	171.0	out_plan8_trim171	/mount/ictr1/chenglab/xpan/unireg/unireg2/plan8_clean_minimal_runpack_v1/out_gse142696_plan8/5p3p/out_plan8_trim171	gkmsvm_optional	A	0.1901625573254181	0.0676900357591519	0.2980363758169844	275	0.7648646852390932	0.7634280945818487		
5p3p	171.0	out_plan8_trim171	/mount/ictr1/chenglab/xpan/unireg/unireg2/plan8_clean_minimal_runpack_v1/out_gse142696_plan8/5p3p/out_plan8_trim171	gkmsvm_optional	C	0.6870307450209685	0.6279977997509957	0.8237718349139668	103	0.7648646852390932	0.7634280945818487		
5p3p	185.0	out_plan8_trim185	/mount/ictr1/chenglab/xpan/unireg/unireg2/plan8_clean_minimal_runpack_v1/out_gse142696_plan8/5p3p/out_plan8_trim185	cnn_msres_wt_mt_delta3head_ens	overall	0.4469660162175423	0.3739439516964504	0.5257307441374516	1215	0.7648646852390932	0.7634280945818487		0.5854723180738565
5p3p	185.0	out_plan8_trim185	/mount/ictr1/chenglab/xpan/unireg/unireg2/plan8_clean_minimal_runpack_v1/out_gse142696_plan8/5p3p/out_plan8_trim185	cnn_msres_wt_mt_delta3head_ens	non_control	0.1990321322193033	0.1438269763263826	0.2662577078430929	1112	0.7648646852390932	0.7634280945818487		
5p3p	185.0	out_plan8_trim185	/mount/ictr1/chenglab/xpan/unireg/unireg2/plan8_clean_minimal_runpack_v1/out_gse142696_plan8/5p3p/out_plan8_trim185	cnn_msres_wt_mt_delta3head_ens	R	0.2009029262172638	0.1432533449101328	0.2838827540740498	837	0.7648646852390932	0.7634280945818487	0.2626646648674366	
5p3p	185.0	out_plan8_trim185	/mount/ictr1/chenglab/xpan/unireg/unireg2/plan8_clean_minimal_runpack_v1/out_gse142696_plan8/5p3p/out_plan8_trim185	cnn_msres_wt_mt_delta3head_ens	A	0.2165662269408411	0.0570142355514768	0.3511999350885462	275	0.7648646852390932	0.7634280945818487		
5p3p	185.0	out_plan8_trim185	/mount/ictr1/chenglab/xpan/unireg/unireg2/plan8_clean_minimal_runpack_v1/out_gse142696_plan8/5p3p/out_plan8_trim185	cnn_msres_wt_mt_delta3head_ens	C	0.7589464267936367	0.7162864843536948	0.8786401153797693	103	0.7648646852390932	0.7634280945818487		
5p3p	185.0	out_plan8_trim185	/mount/ictr1/chenglab/xpan/unireg/unireg2/plan8_clean_minimal_runpack_v1/out_gse142696_plan8/5p3p/out_plan8_trim185	nt_transformer_delta_ens	overall	0.2837832555045488	0.2244759200307229	0.3402902638260366	1215	0.7648646852390932	0.7634280945818487		0.3717223108745886
5p3p	185.0	out_plan8_trim185	/mount/ictr1/chenglab/xpan/unireg/unireg2/plan8_clean_minimal_runpack_v1/out_gse142696_plan8/5p3p/out_plan8_trim185	nt_transformer_delta_ens	non_control	0.1274345711458538	0.0796888489700556	0.174599476855282	1112	0.7648646852390932	0.7634280945818487		
5p3p	185.0	out_plan8_trim185	/mount/ictr1/chenglab/xpan/unireg/unireg2/plan8_clean_minimal_runpack_v1/out_gse142696_plan8/5p3p/out_plan8_trim185	nt_transformer_delta_ens	R	0.1234789316803373	0.0658180209375441	0.1798251184438994	837	0.7648646852390932	0.7634280945818487	0.161438923855843	
5p3p	185.0	out_plan8_trim185	/mount/ictr1/chenglab/xpan/unireg/unireg2/plan8_clean_minimal_runpack_v1/out_gse142696_plan8/5p3p/out_plan8_trim185	nt_transformer_delta_ens	A	0.1455936075942397	0.0365123159446349	0.2389961382456613	275	0.7648646852390932	0.7634280945818487		
5p3p	185.0	out_plan8_trim185	/mount/ictr1/chenglab/xpan/unireg/unireg2/plan8_clean_minimal_runpack_v1/out_gse142696_plan8/5p3p/out_plan8_trim185	nt_transformer_delta_ens	C	0.6220126723802949	0.5507085491484489	0.7506299648744177	103	0.7648646852390932	0.7634280945818487		
5p3p	185.0	out_plan8_trim185	/mount/ictr1/chenglab/xpan/unireg/unireg2/plan8_clean_minimal_runpack_v1/out_gse142696_plan8/5p3p/out_plan8_trim185	cnn_delta_ens	overall	0.4771577459375208	0.4209202705700294	0.5542968388784941	1215	0.7648646852390932	0.7634280945818487		0.6250198929329077
5p3p	185.0	out_plan8_trim185	/mount/ictr1/chenglab/xpan/unireg/unireg2/plan8_clean_minimal_runpack_v1/out_gse142696_plan8/5p3p/out_plan8_trim185	cnn_delta_ens	non_control	0.3007916241117159	0.2524105229641658	0.3675064784456293	1112	0.7648646852390932	0.7634280945818487		
5p3p	185.0	out_plan8_trim185	/mount/ictr1/chenglab/xpan/unireg/unireg2/plan8_clean_minimal_runpack_v1/out_gse142696_plan8/5p3p/out_plan8_trim185	cnn_delta_ens	R	0.2964944815807855	0.244449864864656	0.3749283193779134	837	0.7648646852390932	0.7634280945818487	0.3876430528206472	
5p3p	185.0	out_plan8_trim185	/mount/ictr1/chenglab/xpan/unireg/unireg2/plan8_clean_minimal_runpack_v1/out_gse142696_plan8/5p3p/out_plan8_trim185	cnn_delta_ens	A	0.3043680723521551	0.1730794098643275	0.4166892223156129	275	0.7648646852390932	0.7634280945818487		
5p3p	185.0	out_plan8_trim185	/mount/ictr1/chenglab/xpan/unireg/unireg2/plan8_clean_minimal_runpack_v1/out_gse142696_plan8/5p3p/out_plan8_trim185	cnn_delta_ens	C	0.7605079807916775	0.7136039704275333	0.8850933987000972	103	0.7648646852390932	0.7634280945818487		
5p3p	185.0	out_plan8_trim185	/mount/ictr1/chenglab/xpan/unireg/unireg2/plan8_clean_minimal_runpack_v1/out_gse142696_plan8/5p3p/out_plan8_trim185	kmer_delta_ens	overall	0.3952203131116766	0.3348163022282639	0.4608499265007177	1215	0.7648646852390932	0.7634280945818487		0.5176916017587092
5p3p	185.0	out_plan8_trim185	/mount/ictr1/chenglab/xpan/unireg/unireg2/plan8_clean_minimal_runpack_v1/out_gse142696_plan8/5p3p/out_plan8_trim185	kmer_delta_ens	non_control	0.1722066344179413	0.1157314397110512	0.2224761509497998	1112	0.7648646852390932	0.7634280945818487		
5p3p	185.0	out_plan8_trim185	/mount/ictr1/chenglab/xpan/unireg/unireg2/plan8_clean_minimal_runpack_v1/out_gse142696_plan8/5p3p/out_plan8_trim185	kmer_delta_ens	R	0.1903401039474925	0.124786973365974	0.2440838506139442	837	0.7648646852390932	0.7634280945818487	0.2488546113068262	
5p3p	185.0	out_plan8_trim185	/mount/ictr1/chenglab/xpan/unireg/unireg2/plan8_clean_minimal_runpack_v1/out_gse142696_plan8/5p3p/out_plan8_trim185	kmer_delta_ens	A	0.1018924900230536	-0.0087647152871056	0.2125805583005403	275	0.7648646852390932	0.7634280945818487		
5p3p	185.0	out_plan8_trim185	/mount/ictr1/chenglab/xpan/unireg/unireg2/plan8_clean_minimal_runpack_v1/out_gse142696_plan8/5p3p/out_plan8_trim185	kmer_delta_ens	C	0.7125697823075744	0.6606618078771754	0.8453481111402038	103	0.7648646852390932	0.7634280945818487		
5p3p	185.0	out_plan8_trim185	/mount/ictr1/chenglab/xpan/unireg/unireg2/plan8_clean_minimal_runpack_v1/out_gse142696_plan8/5p3p/out_plan8_trim185	onehot_ridge_delta_ens	overall	0.0958990264909949	0.0490828918560252	0.1458490988815871	1215	0.7648646852390932	0.7634280945818487		0.1256163182513233
5p3p	185.0	out_plan8_trim185	/mount/ictr1/chenglab/xpan/unireg/unireg2/plan8_clean_minimal_runpack_v1/out_gse142696_plan8/5p3p/out_plan8_trim185	onehot_ridge_delta_ens	non_control	0.0380172928796741	-0.0139666501319736	0.0932064058702035	1112	0.7648646852390932	0.7634280945818487		
5p3p	185.0	out_plan8_trim185	/mount/ictr1/chenglab/xpan/unireg/unireg2/plan8_clean_minimal_runpack_v1/out_gse142696_plan8/5p3p/out_plan8_trim185	onehot_ridge_delta_ens	R	0.0375470809286622	-0.0247281564389182	0.0998116209359736	837	0.7648646852390932	0.7634280945818487	0.0490898346508508	
5p3p	185.0	out_plan8_trim185	/mount/ictr1/chenglab/xpan/unireg/unireg2/plan8_clean_minimal_runpack_v1/out_gse142696_plan8/5p3p/out_plan8_trim185	onehot_ridge_delta_ens	A	0.0689264212447193	-0.0542155716025929	0.1731131271924524	275	0.7648646852390932	0.7634280945818487		
5p3p	185.0	out_plan8_trim185	/mount/ictr1/chenglab/xpan/unireg/unireg2/plan8_clean_minimal_runpack_v1/out_gse142696_plan8/5p3p/out_plan8_trim185	onehot_ridge_delta_ens	C	0.4344596739412987	0.3038786153952135	0.5924181251030894	103	0.7648646852390932	0.7634280945818487		
5p3p	185.0	out_plan8_trim185	/mount/ictr1/chenglab/xpan/unireg/unireg2/plan8_clean_minimal_runpack_v1/out_gse142696_plan8/5p3p/out_plan8_trim185	kmer_elasticnet_delta_ens	overall	0.3756146891686488	0.3161103814529049	0.4374814874822348	1215	0.7648646852390932	0.7634280945818487		0.4920105663315727
5p3p	185.0	out_plan8_trim185	/mount/ictr1/chenglab/xpan/unireg/unireg2/plan8_clean_minimal_runpack_v1/out_gse142696_plan8/5p3p/out_plan8_trim185	kmer_elasticnet_delta_ens	non_control	0.1607749882703857	0.1062570405990587	0.2115532811366721	1112	0.7648646852390932	0.7634280945818487		
5p3p	185.0	out_plan8_trim185	/mount/ictr1/chenglab/xpan/unireg/unireg2/plan8_clean_minimal_runpack_v1/out_gse142696_plan8/5p3p/out_plan8_trim185	kmer_elasticnet_delta_ens	R	0.1824441071632263	0.1171551331666978	0.2413416233462964	837	0.7648646852390932	0.7634280945818487	0.2385312208605828	
5p3p	185.0	out_plan8_trim185	/mount/ictr1/chenglab/xpan/unireg/unireg2/plan8_clean_minimal_runpack_v1/out_gse142696_plan8/5p3p/out_plan8_trim185	kmer_elasticnet_delta_ens	A	0.0808302859379899	-0.0309440515246253	0.1890354680036734	275	0.7648646852390932	0.7634280945818487		
5p3p	185.0	out_plan8_trim185	/mount/ictr1/chenglab/xpan/unireg/unireg2/plan8_clean_minimal_runpack_v1/out_gse142696_plan8/5p3p/out_plan8_trim185	kmer_elasticnet_delta_ens	C	0.7065732365433703	0.6506773440769928	0.8385216547262465	103	0.7648646852390932	0.7634280945818487		
5p3p	185.0	out_plan8_trim185	/mount/ictr1/chenglab/xpan/unireg/unireg2/plan8_clean_minimal_runpack_v1/out_gse142696_plan8/5p3p/out_plan8_trim185	kmer_nystroem_ridge_delta_ens	overall	0.1227753174372457	0.0669841838818517	0.185103519082751	1215	0.7648646852390932	0.7634280945818487		0.1608210626627426
5p3p	185.0	out_plan8_trim185	/mount/ictr1/chenglab/xpan/unireg/unireg2/plan8_clean_minimal_runpack_v1/out_gse142696_plan8/5p3p/out_plan8_trim185	kmer_nystroem_ridge_delta_ens	non_control	0.012014669184863	-0.0391634578883387	0.0693855204067909	1112	0.7648646852390932	0.7634280945818487		
5p3p	185.0	out_plan8_trim185	/mount/ictr1/chenglab/xpan/unireg/unireg2/plan8_clean_minimal_runpack_v1/out_gse142696_plan8/5p3p/out_plan8_trim185	kmer_nystroem_ridge_delta_ens	R	0.04434823518085	-0.0145362522818297	0.1112025733263995	837	0.7648646852390932	0.7634280945818487	0.0579818051960222	
5p3p	185.0	out_plan8_trim185	/mount/ictr1/chenglab/xpan/unireg/unireg2/plan8_clean_minimal_runpack_v1/out_gse142696_plan8/5p3p/out_plan8_trim185	kmer_nystroem_ridge_delta_ens	A	-0.1049446392506111	-0.2213290019005432	0.0179115188821823	275	0.7648646852390932	0.7634280945818487		
5p3p	185.0	out_plan8_trim185	/mount/ictr1/chenglab/xpan/unireg/unireg2/plan8_clean_minimal_runpack_v1/out_gse142696_plan8/5p3p/out_plan8_trim185	kmer_nystroem_ridge_delta_ens	C	0.5718525275578001	0.4875998599562389	0.7259668329050697	103	0.7648646852390932	0.7634280945818487		
5p3p	185.0	out_plan8_trim185	/mount/ictr1/chenglab/xpan/unireg/unireg2/plan8_clean_minimal_runpack_v1/out_gse142696_plan8/5p3p/out_plan8_trim185	cnn3head_kmer_fused_ens	overall	0.485350304933897	0.4353907213118748	0.5566891519907017	1215	0.7648646852390932	0.7634280945818487		0.6357511707762565
5p3p	185.0	out_plan8_trim185	/mount/ictr1/chenglab/xpan/unireg/unireg2/plan8_clean_minimal_runpack_v1/out_gse142696_plan8/5p3p/out_plan8_trim185	cnn3head_kmer_fused_ens	non_control	0.3286670678445161	0.2841023472191314	0.3832368868827522	1112	0.7648646852390932	0.7634280945818487		
5p3p	185.0	out_plan8_trim185	/mount/ictr1/chenglab/xpan/unireg/unireg2/plan8_clean_minimal_runpack_v1/out_gse142696_plan8/5p3p/out_plan8_trim185	cnn3head_kmer_fused_ens	R	0.3395855698860333	0.2914161165847112	0.4068009160576787	837	0.7648646852390932	0.7634280945818487	0.4439812380406612	
5p3p	185.0	out_plan8_trim185	/mount/ictr1/chenglab/xpan/unireg/unireg2/plan8_clean_minimal_runpack_v1/out_gse142696_plan8/5p3p/out_plan8_trim185	cnn3head_kmer_fused_ens	A	0.2792476539325622	0.1548881691844469	0.3767094533974315	275	0.7648646852390932	0.7634280945818487		
5p3p	185.0	out_plan8_trim185	/mount/ictr1/chenglab/xpan/unireg/unireg2/plan8_clean_minimal_runpack_v1/out_gse142696_plan8/5p3p/out_plan8_trim185	cnn3head_kmer_fused_ens	C	0.7534301967611128	0.7086712974959574	0.8771253595191483	103	0.7648646852390932	0.7634280945818487		
5p3p	185.0	out_plan8_trim185	/mount/ictr1/chenglab/xpan/unireg/unireg2/plan8_clean_minimal_runpack_v1/out_gse142696_plan8/5p3p/out_plan8_trim185	gkmsvm_optional	overall	0.4101580307655856	0.357673729661624	0.4769010849209332	1215	0.7648646852390932	0.7634280945818487		0.537258235158664
5p3p	185.0	out_plan8_trim185	/mount/ictr1/chenglab/xpan/unireg/unireg2/plan8_clean_minimal_runpack_v1/out_gse142696_plan8/5p3p/out_plan8_trim185	gkmsvm_optional	non_control	0.2317575660554519	0.1792752127843592	0.2850083984627565	1112	0.7648646852390932	0.7634280945818487		
5p3p	185.0	out_plan8_trim185	/mount/ictr1/chenglab/xpan/unireg/unireg2/plan8_clean_minimal_runpack_v1/out_gse142696_plan8/5p3p/out_plan8_trim185	gkmsvm_optional	R	0.2447554490416134	0.1899341384657541	0.306442762253692	837	0.7648646852390932	0.7634280945818487	0.3199983654168893	
5p3p	185.0	out_plan8_trim185	/mount/ictr1/chenglab/xpan/unireg/unireg2/plan8_clean_minimal_runpack_v1/out_gse142696_plan8/5p3p/out_plan8_trim185	gkmsvm_optional	A	0.1775263328524667	0.0415634632132468	0.2867595387107956	275	0.7648646852390932	0.7634280945818487		
5p3p	185.0	out_plan8_trim185	/mount/ictr1/chenglab/xpan/unireg/unireg2/plan8_clean_minimal_runpack_v1/out_gse142696_plan8/5p3p/out_plan8_trim185	gkmsvm_optional	C	0.6845631159815613	0.6280938672481048	0.8227575221916352	103	0.7648646852390932	0.7634280945818487		
5p5p	171.0	out_plan8_trim171	/mount/ictr1/chenglab/xpan/unireg/unireg2/plan8_clean_minimal_runpack_v1/out_gse142696_plan8/5p5p/out_plan8_trim171	cnn_msres_wt_mt_delta3head_ens	overall	0.3674487590202419	0.3010949823515534	0.4272560691402868	1215	0.8860935461273782	0.8721590512144344		0.42130934547843
5p5p	171.0	out_plan8_trim171	/mount/ictr1/chenglab/xpan/unireg/unireg2/plan8_clean_minimal_runpack_v1/out_gse142696_plan8/5p5p/out_plan8_trim171	cnn_msres_wt_mt_delta3head_ens	non_control	0.1878213190241853	0.1300189511829553	0.2432153840762884	1112	0.8860935461273782	0.8721590512144344		
5p5p	171.0	out_plan8_trim171	/mount/ictr1/chenglab/xpan/unireg/unireg2/plan8_clean_minimal_runpack_v1/out_gse142696_plan8/5p5p/out_plan8_trim171	cnn_msres_wt_mt_delta3head_ens	R	0.2035481021031779	0.1357519270824542	0.2706966286725713	837	0.8860935461273782	0.8721590512144344	0.229714010436904	
5p5p	171.0	out_plan8_trim171	/mount/ictr1/chenglab/xpan/unireg/unireg2/plan8_clean_minimal_runpack_v1/out_gse142696_plan8/5p5p/out_plan8_trim171	cnn_msres_wt_mt_delta3head_ens	A	0.1497379238409113	0.0319917174287807	0.2665171464680907	275	0.8860935461273782	0.8721590512144344		
5p5p	171.0	out_plan8_trim171	/mount/ictr1/chenglab/xpan/unireg/unireg2/plan8_clean_minimal_runpack_v1/out_gse142696_plan8/5p5p/out_plan8_trim171	cnn_msres_wt_mt_delta3head_ens	C	0.779727493651354	0.6478889226419935	0.8885409183465284	103	0.8860935461273782	0.8721590512144344		
5p5p	171.0	out_plan8_trim171	/mount/ictr1/chenglab/xpan/unireg/unireg2/plan8_clean_minimal_runpack_v1/out_gse142696_plan8/5p5p/out_plan8_trim171	nt_transformer_delta_ens	overall	0.2860190956520981	0.2226359362405295	0.3466884634702675	1215	0.8860935461273782	0.8721590512144344		0.3279437337190183
5p5p	171.0	out_plan8_trim171	/mount/ictr1/chenglab/xpan/unireg/unireg2/plan8_clean_minimal_runpack_v1/out_gse142696_plan8/5p5p/out_plan8_trim171	nt_transformer_delta_ens	non_control	0.178311701862567	0.1195927424967202	0.237902095801058	1112	0.8860935461273782	0.8721590512144344		
5p5p	171.0	out_plan8_trim171	/mount/ictr1/chenglab/xpan/unireg/unireg2/plan8_clean_minimal_runpack_v1/out_gse142696_plan8/5p5p/out_plan8_trim171	nt_transformer_delta_ens	R	0.193969317403425	0.1250133768091739	0.261192623674272	837	0.8860935461273782	0.8721590512144344	0.2189038823848305	
5p5p	171.0	out_plan8_trim171	/mount/ictr1/chenglab/xpan/unireg/unireg2/plan8_clean_minimal_runpack_v1/out_gse142696_plan8/5p5p/out_plan8_trim171	nt_transformer_delta_ens	A	0.1319430534106148	0.022376628797374	0.2429386053239776	275	0.8860935461273782	0.8721590512144344		
5p5p	171.0	out_plan8_trim171	/mount/ictr1/chenglab/xpan/unireg/unireg2/plan8_clean_minimal_runpack_v1/out_gse142696_plan8/5p5p/out_plan8_trim171	nt_transformer_delta_ens	C	0.6917340494293241	0.5582402603946327	0.8031734992965791	103	0.8860935461273782	0.8721590512144344		
5p5p	171.0	out_plan8_trim171	/mount/ictr1/chenglab/xpan/unireg/unireg2/plan8_clean_minimal_runpack_v1/out_gse142696_plan8/5p5p/out_plan8_trim171	cnn_delta_ens	overall	0.4536830419115006	0.397265095520358	0.5050381140675515	1215	0.8860935461273782	0.8721590512144344		0.5201838372023675
5p5p	171.0	out_plan8_trim171	/mount/ictr1/chenglab/xpan/unireg/unireg2/plan8_clean_minimal_runpack_v1/out_gse142696_plan8/5p5p/out_plan8_trim171	cnn_delta_ens	non_control	0.3235155735033989	0.2731278317740551	0.3739269043828493	1112	0.8860935461273782	0.8721590512144344		
5p5p	171.0	out_plan8_trim171	/mount/ictr1/chenglab/xpan/unireg/unireg2/plan8_clean_minimal_runpack_v1/out_gse142696_plan8/5p5p/out_plan8_trim171	cnn_delta_ens	R	0.343896933314122	0.2849223895450958	0.3987599231441681	837	0.8860935461273782	0.8721590512144344	0.3881045458655061	
5p5p	171.0	out_plan8_trim171	/mount/ictr1/chenglab/xpan/unireg/unireg2/plan8_clean_minimal_runpack_v1/out_gse142696_plan8/5p5p/out_plan8_trim171	cnn_delta_ens	A	0.2692487835369545	0.1655274133750714	0.3704770771969739	275	0.8860935461273782	0.8721590512144344		
5p5p	171.0	out_plan8_trim171	/mount/ictr1/chenglab/xpan/unireg/unireg2/plan8_clean_minimal_runpack_v1/out_gse142696_plan8/5p5p/out_plan8_trim171	cnn_delta_ens	C	0.8026137233866038	0.6780214601441042	0.9029211726781768	103	0.8860935461273782	0.8721590512144344		
5p5p	171.0	out_plan8_trim171	/mount/ictr1/chenglab/xpan/unireg/unireg2/plan8_clean_minimal_runpack_v1/out_gse142696_plan8/5p5p/out_plan8_trim171	kmer_delta_ens	overall	0.3653003889989855	0.3000612096201635	0.4194361853506346	1215	0.8860935461273782	0.8721590512144344		0.4188460676872234
5p5p	171.0	out_plan8_trim171	/mount/ictr1/chenglab/xpan/unireg/unireg2/plan8_clean_minimal_runpack_v1/out_gse142696_plan8/5p5p/out_plan8_trim171	kmer_delta_ens	non_control	0.171441057914191	0.1143731948242655	0.2267687368267636	1112	0.8860935461273782	0.8721590512144344		
5p5p	171.0	out_plan8_trim171	/mount/ictr1/chenglab/xpan/unireg/unireg2/plan8_clean_minimal_runpack_v1/out_gse142696_plan8/5p5p/out_plan8_trim171	kmer_delta_ens	R	0.1763715593950826	0.1127385660421815	0.2412055735946712	837	0.8860935461273782	0.8721590512144344	0.1990439498920904	
5p5p	171.0	out_plan8_trim171	/mount/ictr1/chenglab/xpan/unireg/unireg2/plan8_clean_minimal_runpack_v1/out_gse142696_plan8/5p5p/out_plan8_trim171	kmer_delta_ens	A	0.1538635706427881	0.0481220156518492	0.256184710833	275	0.8860935461273782	0.8721590512144344		
5p5p	171.0	out_plan8_trim171	/mount/ictr1/chenglab/xpan/unireg/unireg2/plan8_clean_minimal_runpack_v1/out_gse142696_plan8/5p5p/out_plan8_trim171	kmer_delta_ens	C	0.8186473259456507	0.7181235261177068	0.9071041194155192	103	0.8860935461273782	0.8721590512144344		
5p5p	171.0	out_plan8_trim171	/mount/ictr1/chenglab/xpan/unireg/unireg2/plan8_clean_minimal_runpack_v1/out_gse142696_plan8/5p5p/out_plan8_trim171	onehot_ridge_delta_ens	overall	0.1067789926760025	0.0500960737098717	0.1631290112861383	1215	0.8860935461273782	0.8721590512144344		0.1224306421257894
5p5p	171.0	out_plan8_trim171	/mount/ictr1/chenglab/xpan/unireg/unireg2/plan8_clean_minimal_runpack_v1/out_gse142696_plan8/5p5p/out_plan8_trim171	onehot_ridge_delta_ens	non_control	0.0703937168931837	0.0099773913232366	0.129255095904934	1112	0.8860935461273782	0.8721590512144344		
5p5p	171.0	out_plan8_trim171	/mount/ictr1/chenglab/xpan/unireg/unireg2/plan8_clean_minimal_runpack_v1/out_gse142696_plan8/5p5p/out_plan8_trim171	onehot_ridge_delta_ens	R	0.048957297213127	-0.0173403967421466	0.1133938178405319	837	0.8860935461273782	0.8721590512144344	0.0552507096198726	
5p5p	171.0	out_plan8_trim171	/mount/ictr1/chenglab/xpan/unireg/unireg2/plan8_clean_minimal_runpack_v1/out_gse142696_plan8/5p5p/out_plan8_trim171	onehot_ridge_delta_ens	A	0.163588051904592	0.0274877745711581	0.2774698308604488	275	0.8860935461273782	0.8721590512144344		
5p5p	171.0	out_plan8_trim171	/mount/ictr1/chenglab/xpan/unireg/unireg2/plan8_clean_minimal_runpack_v1/out_gse142696_plan8/5p5p/out_plan8_trim171	onehot_ridge_delta_ens	C	0.3673748201913785	0.1428451301099879	0.5891737631844878	103	0.8860935461273782	0.8721590512144344		
5p5p	171.0	out_plan8_trim171	/mount/ictr1/chenglab/xpan/unireg/unireg2/plan8_clean_minimal_runpack_v1/out_gse142696_plan8/5p5p/out_plan8_trim171	kmer_elasticnet_delta_ens	overall	0.3535680376322838	0.2918895825611121	0.4055922324133007	1215	0.8860935461273782	0.8721590512144344		0.4053939899379126
5p5p	171.0	out_plan8_trim171	/mount/ictr1/chenglab/xpan/unireg/unireg2/plan8_clean_minimal_runpack_v1/out_gse142696_plan8/5p5p/out_plan8_trim171	kmer_elasticnet_delta_ens	non_control	0.1666587875868315	0.1102932633256582	0.2199176674954476	1112	0.8860935461273782	0.8721590512144344		
5p5p	171.0	out_plan8_trim171	/mount/ictr1/chenglab/xpan/unireg/unireg2/plan8_clean_minimal_runpack_v1/out_gse142696_plan8/5p5p/out_plan8_trim171	kmer_elasticnet_delta_ens	R	0.1722493320765518	0.1069208045754083	0.2353309610297271	837	0.8860935461273782	0.8721590512144344	0.1943918143060151	
5p5p	171.0	out_plan8_trim171	/mount/ictr1/chenglab/xpan/unireg/unireg2/plan8_clean_minimal_runpack_v1/out_gse142696_plan8/5p5p/out_plan8_trim171	kmer_elasticnet_delta_ens	A	0.1458763853365652	0.0396201613069236	0.2447764227589421	275	0.8860935461273782	0.8721590512144344		
5p5p	171.0	out_plan8_trim171	/mount/ictr1/chenglab/xpan/unireg/unireg2/plan8_clean_minimal_runpack_v1/out_gse142696_plan8/5p5p/out_plan8_trim171	kmer_elasticnet_delta_ens	C	0.8208781494895261	0.7168684972533648	0.9020258395127332	103	0.8860935461273782	0.8721590512144344		
5p5p	171.0	out_plan8_trim171	/mount/ictr1/chenglab/xpan/unireg/unireg2/plan8_clean_minimal_runpack_v1/out_gse142696_plan8/5p5p/out_plan8_trim171	kmer_nystroem_ridge_delta_ens	overall	0.1520549217083297	0.0956030637192952	0.2102799552445228	1215	0.8860935461273782	0.8721590512144344		0.1743431103496563
5p5p	171.0	out_plan8_trim171	/mount/ictr1/chenglab/xpan/unireg/unireg2/plan8_clean_minimal_runpack_v1/out_gse142696_plan8/5p5p/out_plan8_trim171	kmer_nystroem_ridge_delta_ens	non_control	0.0550707076889174	-0.0038473670912338	0.111306831732366	1112	0.8860935461273782	0.8721590512144344		
5p5p	171.0	out_plan8_trim171	/mount/ictr1/chenglab/xpan/unireg/unireg2/plan8_clean_minimal_runpack_v1/out_gse142696_plan8/5p5p/out_plan8_trim171	kmer_nystroem_ridge_delta_ens	R	0.051961210851091	-0.0165986104018095	0.124905664752181	837	0.8860935461273782	0.8721590512144344	0.0586407734016171	
5p5p	171.0	out_plan8_trim171	/mount/ictr1/chenglab/xpan/unireg/unireg2/plan8_clean_minimal_runpack_v1/out_gse142696_plan8/5p5p/out_plan8_trim171	kmer_nystroem_ridge_delta_ens	A	0.0617718173618802	-0.0563504802026989	0.1622259285065213	275	0.8860935461273782	0.8721590512144344		
5p5p	171.0	out_plan8_trim171	/mount/ictr1/chenglab/xpan/unireg/unireg2/plan8_clean_minimal_runpack_v1/out_gse142696_plan8/5p5p/out_plan8_trim171	kmer_nystroem_ridge_delta_ens	C	0.700611659991371	0.5438327365190097	0.8409091155327132	103	0.8860935461273782	0.8721590512144344		
5p5p	171.0	out_plan8_trim171	/mount/ictr1/chenglab/xpan/unireg/unireg2/plan8_clean_minimal_runpack_v1/out_gse142696_plan8/5p5p/out_plan8_trim171	cnn3head_kmer_fused_ens	overall	0.4541435582122948	0.3994174891278279	0.5044732896461572	1215	0.8860935461273782	0.8721590512144344		0.5207118559165607
5p5p	171.0	out_plan8_trim171	/mount/ictr1/chenglab/xpan/unireg/unireg2/plan8_clean_minimal_runpack_v1/out_gse142696_plan8/5p5p/out_plan8_trim171	cnn3head_kmer_fused_ens	non_control	0.320242641270769	0.2683503429715864	0.3717693718143582	1112	0.8860935461273782	0.8721590512144344		
5p5p	171.0	out_plan8_trim171	/mount/ictr1/chenglab/xpan/unireg/unireg2/plan8_clean_minimal_runpack_v1/out_gse142696_plan8/5p5p/out_plan8_trim171	cnn3head_kmer_fused_ens	R	0.3458416844068258	0.2873073601822776	0.401304198296396	837	0.8860935461273782	0.8721590512144344	0.3902992927984944	
5p5p	171.0	out_plan8_trim171	/mount/ictr1/chenglab/xpan/unireg/unireg2/plan8_clean_minimal_runpack_v1/out_gse142696_plan8/5p5p/out_plan8_trim171	cnn3head_kmer_fused_ens	A	0.2498776049310592	0.12853948420289	0.3607363918884471	275	0.8860935461273782	0.8721590512144344		
5p5p	171.0	out_plan8_trim171	/mount/ictr1/chenglab/xpan/unireg/unireg2/plan8_clean_minimal_runpack_v1/out_gse142696_plan8/5p5p/out_plan8_trim171	cnn3head_kmer_fused_ens	C	0.8183301743945528	0.7078708883728317	0.9144918012469968	103	0.8860935461273782	0.8721590512144344		
5p5p	171.0	out_plan8_trim171	/mount/ictr1/chenglab/xpan/unireg/unireg2/plan8_clean_minimal_runpack_v1/out_gse142696_plan8/5p5p/out_plan8_trim171	gkmsvm_optional	overall	0.4038571975874165	0.3462593475191758	0.4526961737460438	1215	0.8860935461273782	0.8721590512144344		0.4630545277550776
5p5p	171.0	out_plan8_trim171	/mount/ictr1/chenglab/xpan/unireg/unireg2/plan8_clean_minimal_runpack_v1/out_gse142696_plan8/5p5p/out_plan8_trim171	gkmsvm_optional	non_control	0.2434870107499595	0.1857092432974997	0.3016760883380053	1112	0.8860935461273782	0.8721590512144344		
5p5p	171.0	out_plan8_trim171	/mount/ictr1/chenglab/xpan/unireg/unireg2/plan8_clean_minimal_runpack_v1/out_gse142696_plan8/5p5p/out_plan8_trim171	gkmsvm_optional	R	0.2602714947665622	0.1947415353558131	0.3265396907778808	837	0.8860935461273782	0.8721590512144344	0.2937291394391303	
5p5p	171.0	out_plan8_trim171	/mount/ictr1/chenglab/xpan/unireg/unireg2/plan8_clean_minimal_runpack_v1/out_gse142696_plan8/5p5p/out_plan8_trim171	gkmsvm_optional	A	0.1817303366234554	0.087302548138685	0.281663351030864	275	0.8860935461273782	0.8721590512144344		
5p5p	171.0	out_plan8_trim171	/mount/ictr1/chenglab/xpan/unireg/unireg2/plan8_clean_minimal_runpack_v1/out_gse142696_plan8/5p5p/out_plan8_trim171	gkmsvm_optional	C	0.7952769802776583	0.689266382728971	0.8883830563110149	103	0.8860935461273782	0.8721590512144344		
5p5p	185.0	out_plan8_trim185	/mount/ictr1/chenglab/xpan/unireg/unireg2/plan8_clean_minimal_runpack_v1/out_gse142696_plan8/5p5p/out_plan8_trim185	cnn_msres_wt_mt_delta3head_ens	overall	0.3685527550858062	0.3018557578999181	0.4276040843022389	1215	0.8860935461273782	0.8721590512144344		0.4225751651291314
5p5p	185.0	out_plan8_trim185	/mount/ictr1/chenglab/xpan/unireg/unireg2/plan8_clean_minimal_runpack_v1/out_gse142696_plan8/5p5p/out_plan8_trim185	cnn_msres_wt_mt_delta3head_ens	non_control	0.1919106088384937	0.1334067774540806	0.2506221084322966	1112	0.8860935461273782	0.8721590512144344		
5p5p	185.0	out_plan8_trim185	/mount/ictr1/chenglab/xpan/unireg/unireg2/plan8_clean_minimal_runpack_v1/out_gse142696_plan8/5p5p/out_plan8_trim185	cnn_msres_wt_mt_delta3head_ens	R	0.2072088152740424	0.1444858346277207	0.2735279460244809	837	0.8860935461273782	0.8721590512144344	0.2338453046855344	
5p5p	185.0	out_plan8_trim185	/mount/ictr1/chenglab/xpan/unireg/unireg2/plan8_clean_minimal_runpack_v1/out_gse142696_plan8/5p5p/out_plan8_trim185	cnn_msres_wt_mt_delta3head_ens	A	0.1539230417317672	0.0310690702538425	0.272088155886118	275	0.8860935461273782	0.8721590512144344		
5p5p	185.0	out_plan8_trim185	/mount/ictr1/chenglab/xpan/unireg/unireg2/plan8_clean_minimal_runpack_v1/out_gse142696_plan8/5p5p/out_plan8_trim185	cnn_msres_wt_mt_delta3head_ens	C	0.778382096354429	0.6484683905560487	0.8884568368058516	103	0.8860935461273782	0.8721590512144344		
5p5p	185.0	out_plan8_trim185	/mount/ictr1/chenglab/xpan/unireg/unireg2/plan8_clean_minimal_runpack_v1/out_gse142696_plan8/5p5p/out_plan8_trim185	nt_transformer_delta_ens	overall	0.2515507938324247	0.1920487418223355	0.3079486450310091	1215	0.8860935461273782	0.8721590512144344		0.2884230731563856
5p5p	185.0	out_plan8_trim185	/mount/ictr1/chenglab/xpan/unireg/unireg2/plan8_clean_minimal_runpack_v1/out_gse142696_plan8/5p5p/out_plan8_trim185	nt_transformer_delta_ens	non_control	0.1382251330905065	0.0847474312942982	0.1933545088688368	1112	0.8860935461273782	0.8721590512144344		
5p5p	185.0	out_plan8_trim185	/mount/ictr1/chenglab/xpan/unireg/unireg2/plan8_clean_minimal_runpack_v1/out_gse142696_plan8/5p5p/out_plan8_trim185	nt_transformer_delta_ens	R	0.1398391133432951	0.0763463781731702	0.202920810355714	837	0.8860935461273782	0.8721590512144344	0.1578152938303794	
5p5p	185.0	out_plan8_trim185	/mount/ictr1/chenglab/xpan/unireg/unireg2/plan8_clean_minimal_runpack_v1/out_gse142696_plan8/5p5p/out_plan8_trim185	nt_transformer_delta_ens	A	0.1359043805240803	0.0276763048670353	0.2457540489846513	275	0.8860935461273782	0.8721590512144344		
5p5p	185.0	out_plan8_trim185	/mount/ictr1/chenglab/xpan/unireg/unireg2/plan8_clean_minimal_runpack_v1/out_gse142696_plan8/5p5p/out_plan8_trim185	nt_transformer_delta_ens	C	0.6942293528102634	0.5672803259569477	0.8040895495726929	103	0.8860935461273782	0.8721590512144344		
5p5p	185.0	out_plan8_trim185	/mount/ictr1/chenglab/xpan/unireg/unireg2/plan8_clean_minimal_runpack_v1/out_gse142696_plan8/5p5p/out_plan8_trim185	cnn_delta_ens	overall	0.4568853413563795	0.4024814918635448	0.5060601348688344	1215	0.8860935461273782	0.8721590512144344		0.5238555292411302
5p5p	185.0	out_plan8_trim185	/mount/ictr1/chenglab/xpan/unireg/unireg2/plan8_clean_minimal_runpack_v1/out_gse142696_plan8/5p5p/out_plan8_trim185	cnn_delta_ens	non_control	0.3304106120246499	0.2809543168480852	0.3769286677427338	1112	0.8860935461273782	0.8721590512144344		
5p5p	185.0	out_plan8_trim185	/mount/ictr1/chenglab/xpan/unireg/unireg2/plan8_clean_minimal_runpack_v1/out_gse142696_plan8/5p5p/out_plan8_trim185	cnn_delta_ens	R	0.352736539787805	0.2999245819564381	0.408003841181526	837	0.8860935461273782	0.8721590512144344	0.3980804750575378	
5p5p	185.0	out_plan8_trim185	/mount/ictr1/chenglab/xpan/unireg/unireg2/plan8_clean_minimal_runpack_v1/out_gse142696_plan8/5p5p/out_plan8_trim185	cnn_delta_ens	A	0.2742633726485534	0.1660986273704924	0.3758322067778489	275	0.8860935461273782	0.8721590512144344		
5p5p	185.0	out_plan8_trim185	/mount/ictr1/chenglab/xpan/unireg/unireg2/plan8_clean_minimal_runpack_v1/out_gse142696_plan8/5p5p/out_plan8_trim185	cnn_delta_ens	C	0.8063812805317688	0.6746720361332831	0.9136357377636544	103	0.8860935461273782	0.8721590512144344		
5p5p	185.0	out_plan8_trim185	/mount/ictr1/chenglab/xpan/unireg/unireg2/plan8_clean_minimal_runpack_v1/out_gse142696_plan8/5p5p/out_plan8_trim185	kmer_delta_ens	overall	0.3767123015363701	0.3191616399154147	0.4301595483369645	1215	0.8860935461273782	0.8721590512144344		0.4319307367295203
5p5p	185.0	out_plan8_trim185	/mount/ictr1/chenglab/xpan/unireg/unireg2/plan8_clean_minimal_runpack_v1/out_gse142696_plan8/5p5p/out_plan8_trim185	kmer_delta_ens	non_control	0.1873867815406801	0.1328390053886386	0.2387435175893988	1112	0.8860935461273782	0.8721590512144344		
5p5p	185.0	out_plan8_trim185	/mount/ictr1/chenglab/xpan/unireg/unireg2/plan8_clean_minimal_runpack_v1/out_gse142696_plan8/5p5p/out_plan8_trim185	kmer_delta_ens	R	0.1915312163007588	0.1266244110747425	0.2529356714836079	837	0.8860935461273782	0.8721590512144344	0.2161523657833139	
5p5p	185.0	out_plan8_trim185	/mount/ictr1/chenglab/xpan/unireg/unireg2/plan8_clean_minimal_runpack_v1/out_gse142696_plan8/5p5p/out_plan8_trim185	kmer_delta_ens	A	0.1744031872848518	0.0619162587342117	0.2748515918212286	275	0.8860935461273782	0.8721590512144344		
5p5p	185.0	out_plan8_trim185	/mount/ictr1/chenglab/xpan/unireg/unireg2/plan8_clean_minimal_runpack_v1/out_gse142696_plan8/5p5p/out_plan8_trim185	kmer_delta_ens	C	0.8184575327499942	0.7188993522188718	0.903900997508993	103	0.8860935461273782	0.8721590512144344		
5p5p	185.0	out_plan8_trim185	/mount/ictr1/chenglab/xpan/unireg/unireg2/plan8_clean_minimal_runpack_v1/out_gse142696_plan8/5p5p/out_plan8_trim185	onehot_ridge_delta_ens	overall	0.1067790084914885	0.0472225935814426	0.1626945688318583	1215	0.8860935461273782	0.8721590512144344		0.1224306602595071
5p5p	185.0	out_plan8_trim185	/mount/ictr1/chenglab/xpan/unireg/unireg2/plan8_clean_minimal_runpack_v1/out_gse142696_plan8/5p5p/out_plan8_trim185	onehot_ridge_delta_ens	non_control	0.0703937328174511	0.0132610953372715	0.1269551108446495	1112	0.8860935461273782	0.8721590512144344		
5p5p	185.0	out_plan8_trim185	/mount/ictr1/chenglab/xpan/unireg/unireg2/plan8_clean_minimal_runpack_v1/out_gse142696_plan8/5p5p/out_plan8_trim185	onehot_ridge_delta_ens	R	0.0489573120614411	-0.0152848688940377	0.1135504073023227	837	0.8860935461273782	0.8721590512144344	0.0552507263769229	
5p5p	185.0	out_plan8_trim185	/mount/ictr1/chenglab/xpan/unireg/unireg2/plan8_clean_minimal_runpack_v1/out_gse142696_plan8/5p5p/out_plan8_trim185	onehot_ridge_delta_ens	A	0.1635880751702999	0.0272029698636277	0.2787109484235207	275	0.8860935461273782	0.8721590512144344		
5p5p	185.0	out_plan8_trim185	/mount/ictr1/chenglab/xpan/unireg/unireg2/plan8_clean_minimal_runpack_v1/out_gse142696_plan8/5p5p/out_plan8_trim185	onehot_ridge_delta_ens	C	0.3673748243708336	0.1595670397206718	0.5864796188017986	103	0.8860935461273782	0.8721590512144344		
5p5p	185.0	out_plan8_trim185	/mount/ictr1/chenglab/xpan/unireg/unireg2/plan8_clean_minimal_runpack_v1/out_gse142696_plan8/5p5p/out_plan8_trim185	kmer_elasticnet_delta_ens	overall	0.3658475619909842	0.3058178148697162	0.4141717168663569	1215	0.8860935461273782	0.8721590512144344		0.4194734452180038
5p5p	185.0	out_plan8_trim185	/mount/ictr1/chenglab/xpan/unireg/unireg2/plan8_clean_minimal_runpack_v1/out_gse142696_plan8/5p5p/out_plan8_trim185	kmer_elasticnet_delta_ens	non_control	0.1823208321076433	0.1284957461412221	0.2380137527624989	1112	0.8860935461273782	0.8721590512144344		
5p5p	185.0	out_plan8_trim185	/mount/ictr1/chenglab/xpan/unireg/unireg2/plan8_clean_minimal_runpack_v1/out_gse142696_plan8/5p5p/out_plan8_trim185	kmer_elasticnet_delta_ens	R	0.1866641047431881	0.1216816704596984	0.2466314606367712	837	0.8860935461273782	0.8721590512144344	0.2106595918218714	
5p5p	185.0	out_plan8_trim185	/mount/ictr1/chenglab/xpan/unireg/unireg2/plan8_clean_minimal_runpack_v1/out_gse142696_plan8/5p5p/out_plan8_trim185	kmer_elasticnet_delta_ens	A	0.1682405620723331	0.0625407239507614	0.2683684482730167	275	0.8860935461273782	0.8721590512144344		
5p5p	185.0	out_plan8_trim185	/mount/ictr1/chenglab/xpan/unireg/unireg2/plan8_clean_minimal_runpack_v1/out_gse142696_plan8/5p5p/out_plan8_trim185	kmer_elasticnet_delta_ens	C	0.8207599051502366	0.7278847075068866	0.9047859269473468	103	0.8860935461273782	0.8721590512144344		
5p5p	185.0	out_plan8_trim185	/mount/ictr1/chenglab/xpan/unireg/unireg2/plan8_clean_minimal_runpack_v1/out_gse142696_plan8/5p5p/out_plan8_trim185	kmer_nystroem_ridge_delta_ens	overall	0.2031820644398452	0.1427113698288904	0.2602542625103813	1215	0.8860935461273782	0.8721590512144344		0.2329644623385209
5p5p	185.0	out_plan8_trim185	/mount/ictr1/chenglab/xpan/unireg/unireg2/plan8_clean_minimal_runpack_v1/out_gse142696_plan8/5p5p/out_plan8_trim185	kmer_nystroem_ridge_delta_ens	non_control	0.0864703070328147	0.0250577952794329	0.1482672447788379	1112	0.8860935461273782	0.8721590512144344		
5p5p	185.0	out_plan8_trim185	/mount/ictr1/chenglab/xpan/unireg/unireg2/plan8_clean_minimal_runpack_v1/out_gse142696_plan8/5p5p/out_plan8_trim185	kmer_nystroem_ridge_delta_ens	R	0.0933016490589012	0.0187617672281134	0.1641046654314404	837	0.8860935461273782	0.8721590512144344	0.1052954842822981	
5p5p	185.0	out_plan8_trim185	/mount/ictr1/chenglab/xpan/unireg/unireg2/plan8_clean_minimal_runpack_v1/out_gse142696_plan8/5p5p/out_plan8_trim185	kmer_nystroem_ridge_delta_ens	A	0.06344809725885	-0.0521509075928504	0.1718807515544104	275	0.8860935461273782	0.8721590512144344		
5p5p	185.0	out_plan8_trim185	/mount/ictr1/chenglab/xpan/unireg/unireg2/plan8_clean_minimal_runpack_v1/out_gse142696_plan8/5p5p/out_plan8_trim185	kmer_nystroem_ridge_delta_ens	C	0.7464283026972794	0.6153435769118193	0.8640447192343264	103	0.8860935461273782	0.8721590512144344		
5p5p	185.0	out_plan8_trim185	/mount/ictr1/chenglab/xpan/unireg/unireg2/plan8_clean_minimal_runpack_v1/out_gse142696_plan8/5p5p/out_plan8_trim185	cnn3head_kmer_fused_ens	overall	0.4624256175730037	0.4007350364927649	0.5141297287133949	1215	0.8860935461273782	0.8721590512144344		0.530207898351913
5p5p	185.0	out_plan8_trim185	/mount/ictr1/chenglab/xpan/unireg/unireg2/plan8_clean_minimal_runpack_v1/out_gse142696_plan8/5p5p/out_plan8_trim185	cnn3head_kmer_fused_ens	non_control	0.3304532069586218	0.279325923005521	0.3821269604298447	1112	0.8860935461273782	0.8721590512144344		
5p5p	185.0	out_plan8_trim185	/mount/ictr1/chenglab/xpan/unireg/unireg2/plan8_clean_minimal_runpack_v1/out_gse142696_plan8/5p5p/out_plan8_trim185	cnn3head_kmer_fused_ens	R	0.3423734717059378	0.2815882523875883	0.3997810987940342	837	0.8860935461273782	0.8721590512144344	0.3863852447659298	
5p5p	185.0	out_plan8_trim185	/mount/ictr1/chenglab/xpan/unireg/unireg2/plan8_clean_minimal_runpack_v1/out_gse142696_plan8/5p5p/out_plan8_trim185	cnn3head_kmer_fused_ens	A	0.2915237705207971	0.17597513938493	0.3940880213971012	275	0.8860935461273782	0.8721590512144344		
5p5p	185.0	out_plan8_trim185	/mount/ictr1/chenglab/xpan/unireg/unireg2/plan8_clean_minimal_runpack_v1/out_gse142696_plan8/5p5p/out_plan8_trim185	cnn3head_kmer_fused_ens	C	0.8202729347258806	0.7006273915075981	0.917023087737752	103	0.8860935461273782	0.8721590512144344		
5p5p	185.0	out_plan8_trim185	/mount/ictr1/chenglab/xpan/unireg/unireg2/plan8_clean_minimal_runpack_v1/out_gse142696_plan8/5p5p/out_plan8_trim185	gkmsvm_optional	overall	0.3999633624352032	0.3407181580456699	0.4524535246078297	1215	0.8860935461273782	0.8721590512144344		0.4585899348040656
5p5p	185.0	out_plan8_trim185	/mount/ictr1/chenglab/xpan/unireg/unireg2/plan8_clean_minimal_runpack_v1/out_gse142696_plan8/5p5p/out_plan8_trim185	gkmsvm_optional	non_control	0.2377496751937479	0.1799751080487898	0.2945368856238707	1112	0.8860935461273782	0.8721590512144344		
5p5p	185.0	out_plan8_trim185	/mount/ictr1/chenglab/xpan/unireg/unireg2/plan8_clean_minimal_runpack_v1/out_gse142696_plan8/5p5p/out_plan8_trim185	gkmsvm_optional	R	0.2512307307988298	0.1833165077134033	0.3192971161759964	837	0.8860935461273782	0.8721590512144344	0.2835261941550296	
5p5p	185.0	out_plan8_trim185	/mount/ictr1/chenglab/xpan/unireg/unireg2/plan8_clean_minimal_runpack_v1/out_gse142696_plan8/5p5p/out_plan8_trim185	gkmsvm_optional	A	0.194749102727129	0.0986499412292684	0.2921260015781071	275	0.8860935461273782	0.8721590512144344		
5p5p	185.0	out_plan8_trim185	/mount/ictr1/chenglab/xpan/unireg/unireg2/plan8_clean_minimal_runpack_v1/out_gse142696_plan8/5p5p/out_plan8_trim185	gkmsvm_optional	C	0.7926058687505386	0.6933923580099561	0.8834473219792464	103	0.8860935461273782	0.8721590512144344		
